RIDE_ID,BIKE_TYPE,START_DT,END_DT,START_STATION,END_STATION,START_LAT,START_LNG,MEMBER_CASUAL,DISTANCE_MILES,DURATION_MM_SS,AVG_MPH,DAY_OF_WEEK,TIME_OF_DAY
DC1CB984821DFFF7,classic_bike,2023-01-07,2023-01-07,Vesey St & Church St,Albany St & Greenwich St,40.71221958009051,-74.01047229766846,member,0.2,02:51,4.18663069265479,Saturday,Afternoon
C00CA02971557F16,classic_bike,2023-01-04,2023-01-04,Lispenard St & Broadway,St Marks Pl & 1 Ave,40.71939226,-74.00247214,member,0.58,11:55,2.9165392077573236,Wednesday,Evening
C753AE5EBD8458F9,classic_bike,2023-01-20,2023-01-20,3 Ave & Schermerhorn St,State St & Smith St,40.68683208,-73.9796772,member,0.16,61:04,0.15718975286550643,Friday,Morning
E4415A543C1972A7,classic_bike,2023-01-24,2023-01-24,E 5 St & Ave A,E 1 St & 1 Ave,40.72479007746337,-73.98430064320564,member,0.1,03:39,1.6392397570282404,Tuesday,Morning
BD52A87B215877C7,electric_bike,2023-01-13,2023-01-13,W 54 St & 11 Ave,Washington St & Gansevoort St,40.768292427,-73.992562771,member,2.0,16:20,7.34014539604672,Friday,Morning
4FC76B63F9FE631F,classic_bike,2023-01-26,2023-01-26,W 59 St & 10 Ave,E 1 St & 1 Ave,40.770513,-73.988038,member,3.26,29:42,6.585537069739019,Thursday,Evening
680C4E3A801B0839,electric_bike,2023-01-13,2023-01-13,W 54 St & 11 Ave,Washington St & Gansevoort St,40.768242836,-73.992777467,member,2.0,13:36,8.820502768657814,Friday,Afternoon
153486234EA3E427,electric_bike,2023-01-10,2023-01-10,Barrow St & Hudson St,Washington St & Gansevoort St,40.73172428,-74.00674436,member,0.53,04:45,6.692787714455088,Tuesday,Morning
D24D370D9CE13CB4,classic_bike,2023-01-11,2023-01-11,Barrow St & Hudson St,Washington St & Gansevoort St,40.73172428,-74.00674436,member,0.53,06:24,4.960882350647021,Wednesday,Morning
98E7D95A8B9B2249,classic_bike,2023-01-01,2023-01-01,Barrow St & Hudson St,Washington St & Gansevoort St,40.73172428,-74.00674436,member,0.53,07:34,4.19813988078867,Sunday,Afternoon
790EA5D79D443212,classic_bike,2023-01-30,2023-01-30,46 St & Queens Blvd,Skillman Ave & 54 St,40.74349759836971,-73.91860529780388,member,0.14,06:02,1.3888735794358529,Monday,Afternoon
DBF24EB4FA6C0664,electric_bike,2023-01-28,2023-01-28,W 135 St & Lenox Terrace Pl,W 155 St & Frederick Douglass Blvd,40.813598633,-73.93923521,member,1.08,05:50,11.085260708909267,Saturday,Evening
5F8813B6D6C76595,classic_bike,2023-01-12,2023-01-12,Prospect Pl & Nostrand Ave,Brooklyn Ave & Prospect Pl,40.67428,-73.9503,member,0.01,02:12,0.2716263628475497,Thursday,Afternoon
633FF85F59633169,classic_bike,2023-01-10,2023-01-10,Court St & State St,State St & Smith St,40.6902375,-73.99203074,member,0.07,02:18,1.825147931136879,Tuesday,Evening
9ABD445191B6E224,classic_bike,2023-01-29,2023-01-29,Barrow St & Hudson St,St Marks Pl & 1 Ave,40.73172428,-74.00674436,member,0.27,11:22,1.4243260827515871,Sunday,Afternoon
026199E5F1F2F74A,classic_bike,2023-01-29,2023-01-29,Underhill Ave & Pacific St,State St & Smith St,40.6804836,-73.9646795,member,0.6,13:15,2.7144169470098056,Sunday,Morning
94F22FDEFB504330,electric_bike,2023-01-22,2023-01-22,Broadway & E 14 St,Evergreen Ave & Noll St,40.734629512,-73.990792036,member,2.32,20:38,6.741507734330352,Sunday,Night
C3540E3D834FFF80,electric_bike,2023-01-22,2023-01-22,6 Ave & W 33 St,2 Ave & E 31 St,40.748832583,-73.988827229,member,0.41,07:17,3.3775357261358563,Sunday,Evening
C5564080DDC348D7,classic_bike,2023-01-20,2023-01-20,6 Ave & W 33 St,2 Ave & E 31 St,40.74901271,-73.98848395,member,0.42,05:53,4.274905850287821,Friday,Afternoon
01D7ACD6AE19CC69,classic_bike,2023-01-09,2023-01-09,6 Ave & W 33 St,E 47 St & Park Ave,40.74901271,-73.98848395,member,0.42,10:02,2.5104685875957613,Monday,Morning
044C13BF6237E402,classic_bike,2023-01-26,2023-01-26,6 Ave & W 33 St,E 27 St & 1 Ave,40.74901271,-73.98848395,member,0.66,08:08,4.864795140118795,Thursday,Morning
E8253003DC1A6B0C,electric_bike,2023-01-09,2023-01-09,E 102 St & 1 Ave,E 43 St & 2 Ave,40.786960125,-73.941613674,member,2.54,24:20,6.258812577858698,Monday,Afternoon
7DE08E638FE7DE3B,electric_bike,2023-01-05,2023-01-05,E 102 St & 1 Ave,E 43 St & 2 Ave,40.786930084,-73.941691279,member,2.54,13:58,10.902704333300345,Thursday,Afternoon
FAB707F6EF1C08CC,classic_bike,2023-01-29,2023-01-29,W 70 St & Amsterdam Ave,West End Ave & W 78 St,40.77748046,-73.98288594,member,0.44,04:45,5.541445393673517,Sunday,Evening
DA351B9CE10EA671,classic_bike,2023-01-07,2023-01-07,E 20 St & Park Ave,E 27 St & 1 Ave,40.73827428,-73.98751968,member,0.08,09:10,0.5230400979247295,Saturday,Afternoon
86A5AAFA2613FFD0,electric_bike,2023-01-06,2023-01-06,E 102 St & 1 Ave,E 43 St & 2 Ave,40.7869946,-73.94164802,member,2.54,15:18,9.953833978670668,Friday,Afternoon
45BC3C3BD35C8F9B,classic_bike,2023-01-13,2023-01-13,E 102 St & 1 Ave,E 88 St & 1 Ave,40.7869946,-73.94164802,member,0.6,07:32,4.773090377140433,Friday,Evening
01257CB201F3372B,classic_bike,2023-01-30,2023-01-30,Berkeley Pl & 6 Ave,Pacific St & Nevins St,40.6765304,-73.97846879,member,0.61,06:15,5.844933592398393,Monday,Evening
1C55B0E4579376F0,classic_bike,2023-01-20,2023-01-20,South St & Whitehall St,Cliff St & Fulton St,40.70122128,-74.01234218,member,0.49,06:00,4.893882646691636,Friday,Morning
13488820305BC8EB,electric_bike,2023-01-13,2023-01-13,St Nicholas Ave & Manhattan Ave,W 113 St & Broadway,40.809725,-73.953149,member,0.26,09:26,1.6509275884816055,Friday,Evening
613752AF0FE8A27E,electric_bike,2023-01-09,2023-01-09,St Nicholas Ave & Manhattan Ave,W 113 St & Broadway,40.809725,-73.953149,member,0.26,08:42,1.7913018515860486,Monday,Afternoon
F810155FD4BF6AEC,electric_bike,2023-01-12,2023-01-12,St Nicholas Ave & Manhattan Ave,W 113 St & Broadway,40.809709668,-73.953152537,member,0.26,06:38,2.3463645137435294,Thursday,Evening
AEB0921D889A58C6,classic_bike,2023-01-05,2023-01-05,6 Ave & W 33 St,2 Ave & E 31 St,40.74901271,-73.98848395,member,0.42,08:21,3.0150332909925877,Thursday,Evening
3AD0AF30A6C2AE3E,electric_bike,2023-01-21,2023-01-21,Lispenard St & Broadway,Cliff St & Fulton St,40.71939226,-74.00247214,member,0.76,05:10,8.818438788238215,Saturday,Evening
7E8F50636EF02194,electric_bike,2023-01-09,2023-01-09,W 70 St & Amsterdam Ave,West End Ave & W 78 St,40.77748046,-73.98288594,member,0.44,03:18,7.966524503098093,Monday,Night
F3C5427110148A69,electric_bike,2023-01-16,2023-01-16,W 70 St & Amsterdam Ave,West End Ave & W 78 St,40.77748704,-73.982787371,member,0.44,04:43,5.591699996822898,Monday,Afternoon
5194D4A48989CE98,classic_bike,2023-01-26,2023-01-26,Myrtle Ave & St Edwards St,Kent Ave & N 7 St,40.69327018,-73.97703874,member,1.87,18:15,6.146222018119122,Thursday,Afternoon
C625210F4F761446,electric_bike,2023-01-12,2023-01-12,W 70 St & Amsterdam Ave,E 47 St & Park Ave,40.777444482,-73.98279357,member,1.54,09:04,10.17273838227037,Thursday,Morning
8152B4ADA09B3B30,classic_bike,2023-01-25,2023-01-25,W 70 St & Amsterdam Ave,E 47 St & Park Ave,40.77748046,-73.98288594,member,1.55,13:40,6.804031693618599,Wednesday,Morning
ECA5FE3D9467417F,classic_bike,2023-01-06,2023-01-06,E 82 St & East End Ave,E 27 St & 1 Ave,40.7724607,-73.9468208,member,2.28,24:34,5.5679430832484815,Friday,Morning
DF1B12E3B269B98E,classic_bike,2023-01-25,2023-01-25,W 35 St & 8 Ave,E 47 St & Park Ave,40.752762088742045,-73.99280458705107,member,0.16,11:37,0.8262400055082667,Wednesday,Morning
4CE4DA63701F8DF4,classic_bike,2023-01-20,2023-01-20,E 82 St & East End Ave,E 27 St & 1 Ave,40.7724607,-73.9468208,member,2.28,25:27,5.373236334023099,Friday,Morning
17064D57AD927A4E,classic_bike,2023-01-20,2023-01-20,6 Ave & W 33 St,2 Ave & E 31 St,40.74901271,-73.98848395,member,0.42,06:40,3.7736131597271614,Friday,Afternoon
572F9E3A82730A70,classic_bike,2023-01-03,2023-01-03,3 Ave & Schermerhorn St,Pacific St & Nevins St,40.68683208,-73.9796772,member,0.1,02:22,2.5246681113378644,Tuesday,Evening
4BB62EAABBDB1FB0,electric_bike,2023-01-11,2023-01-11,6 Ave & W 33 St,2 Ave & E 31 St,40.748814821,-73.988681316,member,0.41,06:46,3.6302015056973995,Wednesday,Morning
3E52DDDE02C545BE,electric_bike,2023-01-27,2023-01-27,W 70 St & Amsterdam Ave,West End Ave & W 78 St,40.77748046,-73.98288594,member,0.44,03:04,8.58290030506142,Friday,Evening
040331D5909C3C69,classic_bike,2023-01-16,2023-01-16,6 Ave & W 33 St,2 Ave & E 31 St,40.74901271,-73.98848395,member,0.42,05:11,4.853465155843739,Monday,Evening
31B50A9CECF3254A,electric_bike,2023-01-13,2023-01-13,Broadway & E 14 St,E 27 St & 1 Ave,40.73454567,-73.99074142,member,0.34,06:42,3.0419536102074445,Friday,Afternoon
F03EB96052ED8CF9,classic_bike,2023-01-03,2023-01-03,6 Ave & W 33 St,2 Ave & E 31 St,40.74901271,-73.98848395,member,0.42,05:49,4.327306966906978,Tuesday,Afternoon
8ED183D392694282,electric_bike,2023-01-17,2023-01-17,3 Ave & Schermerhorn St,St Johns Pl & Washington Ave,40.68683208,-73.9796772,member,0.91,07:04,7.715533280891573,Tuesday,Night
943D74834858C793,classic_bike,2023-01-25,2023-01-25,6 Ave & W 33 St,E 27 St & 1 Ave,40.74901271,-73.98848395,member,0.66,09:16,4.269265600068999,Wednesday,Morning
F40D0AA2EA61127D,classic_bike,2023-01-12,2023-01-12,6 Ave & W 33 St,E 47 St & Park Ave,40.74901271,-73.98848395,member,0.42,08:12,3.068287664144258,Thursday,Morning
9A3BDAC9E488353E,classic_bike,2023-01-08,2023-01-08,E 20 St & Park Ave,E 27 St & 1 Ave,40.73827428,-73.98751968,member,0.08,05:08,0.9338854498701317,Sunday,Afternoon
95CCD6BAAAE4CF75,classic_bike,2023-01-28,2023-01-28,6 Ave & W 33 St,2 Ave & E 31 St,40.74901271,-73.98848395,member,0.42,09:05,2.771850320082715,Saturday,Evening
EDC92E0AF80CB362,classic_bike,2023-01-30,2023-01-30,E 20 St & Park Ave,E 27 St & 1 Ave,40.73827428,-73.98751968,member,0.08,05:09,0.9302986646337918,Monday,Afternoon
366D1FB8A67F183E,classic_bike,2023-01-18,2023-01-18,South St & Whitehall St,Cliff St & Fulton St,40.70122128,-74.01234218,member,0.49,06:50,4.298245614035088,Wednesday,Morning
053FDAC75898724F,classic_bike,2023-01-04,2023-01-04,6 Ave & W 33 St,E 47 St & Park Ave,40.74901271,-73.98848395,member,0.42,11:17,2.231961631516715,Wednesday,Morning
C877D49D774C38EA,classic_bike,2023-01-05,2023-01-05,E 102 St & Park Ave,E 43 St & 2 Ave,40.7904828,-73.95033068,member,2.78,21:04,7.91695111947176,Thursday,Morning
00695318BF980B04,classic_bike,2023-01-16,2023-01-16,6 Ave & W 33 St,2 Ave & E 31 St,40.74901271,-73.98848395,member,0.42,04:54,5.133236689062335,Monday,Afternoon
8C3949929534CF54,electric_bike,2023-01-18,2023-01-18,6 Ave & W 33 St,2 Ave & E 31 St,40.74901271,-73.98848395,member,0.42,06:22,3.9548229484355955,Wednesday,Morning
FED3A3B9CBD75B72,electric_bike,2023-01-09,2023-01-09,E 20 St & Park Ave,E 43 St & 2 Ave,40.73827428,-73.98751968,casual,0.83,11:22,4.376700951800628,Monday,Afternoon
C684C95CBF3136A0,electric_bike,2023-01-02,2023-01-02,E 5 St & Ave A,2 Ave & E 31 St,40.724695563,-73.983955264,casual,1.26,10:25,7.256473795266975,Monday,Night
6F61BC6A93F64A4D,classic_bike,2023-01-10,2023-01-10,6 Ave & W 33 St,E 47 St & Park Ave,40.74901271,-73.98848395,casual,0.42,09:32,2.6430701567312633,Tuesday,Evening
48F0BEFB03B63DA6,electric_bike,2023-01-04,2023-01-04,E 102 St & 1 Ave,E 43 St & 2 Ave,40.7869946,-73.94164802,member,2.54,16:15,9.373443141210553,Wednesday,Afternoon
D6E62CB75B4A733D,electric_bike,2023-01-26,2023-01-26,7 Ave & Central Park South,E 27 St & 1 Ave,40.766686797,-73.979666948,member,1.88,13:53,8.121564265117232,Thursday,Morning
C68021615A2D875E,classic_bike,2023-01-20,2023-01-20,Broadway & E 14 St,Lexington Ave & E 26 St,40.73454567,-73.99074142,member,0.48,07:47,3.6938231069156577,Friday,Afternoon
C6F8233E9AA9F302,classic_bike,2023-01-25,2023-01-25,6 Ave & W 33 St,E 27 St & 1 Ave,40.74901271,-73.98848395,member,0.66,08:00,4.94959784517508,Wednesday,Afternoon
5A652E28CB4B3666,electric_bike,2023-01-20,2023-01-20,6 Ave & W 33 St,2 Ave & E 31 St,40.74901271,-73.98848395,casual,0.42,05:31,4.557799957195265,Friday,Evening
F2C53108208A9C9F,classic_bike,2023-01-26,2023-01-26,Vesey St & Church St,Cliff St & Fulton St,40.71221958009051,-74.01047229766846,member,0.27,11:29,1.4098705442941584,Thursday,Evening
2217BD84D4F091B0,classic_bike,2023-01-16,2023-01-16,6 Ave & W 33 St,E 47 St & Park Ave,40.74901271,-73.98848395,casual,0.42,08:47,2.8647160577566164,Monday,Night
94495AEC5C2947A6,electric_bike,2023-01-11,2023-01-11,6 Ave & W 33 St,2 Ave & E 31 St,40.748912215,-73.988783002,member,0.41,08:35,2.863906243936513,Wednesday,Morning
DE648D3A7F5AE63E,electric_bike,2023-01-12,2023-01-12,St Nicholas Ave & Manhattan Ave,W 113 St & Broadway,40.809725,-73.953149,member,0.26,06:42,2.3249171003117275,Thursday,Morning
2A1F3B502F867749,classic_bike,2023-01-02,2023-01-02,Berkeley Pl & 6 Ave,Pacific St & Nevins St,40.6765304,-73.97846879,member,0.61,06:51,5.334447510591161,Monday,Afternoon
5550828BDC786EED,classic_bike,2023-01-17,2023-01-17,South St & Whitehall St,Cliff St & Fulton St,40.70122128,-74.01234218,member,0.49,05:34,5.268266459599505,Tuesday,Morning
A7E18D8239541E87,electric_bike,2023-01-09,2023-01-09,7 Ave & Central Park South,E 47 St & Park Ave,40.7667405590595,-73.9790689945221,member,0.8,06:59,6.861586551290359,Monday,Morning
F9D610E1587C0CEC,classic_bike,2023-01-11,2023-01-11,E 20 St & Park Ave,E 27 St & 1 Ave,40.73827428,-73.98751968,member,0.08,06:38,0.7235017484625588,Wednesday,Evening
323C66A6F914963D,classic_bike,2023-01-05,2023-01-05,6 Ave & W 33 St,E 47 St & Park Ave,40.74901271,-73.98848395,member,0.42,09:54,2.5440240672753034,Thursday,Morning
A7BBBCC25F1D8972,classic_bike,2023-01-31,2023-01-31,6 Ave & W 33 St,E 47 St & Park Ave,40.74901271,-73.98848395,member,0.42,08:46,2.8704427923788978,Tuesday,Morning
7F8ACD0C667E9F2E,classic_bike,2023-01-03,2023-01-03,3 Ave & Schermerhorn St,Pacific St & Nevins St,40.68683208,-73.9796772,member,0.1,03:36,1.6610759157834512,Tuesday,Evening
430A4F9E10596BA1,classic_bike,2023-01-24,2023-01-24,6 Ave & W 33 St,E 47 St & Park Ave,40.74901271,-73.98848395,member,0.42,09:01,2.79333221255189,Tuesday,Morning
D6C2DD95C27B6112,classic_bike,2023-01-20,2023-01-20,6 Ave & W 33 St,E 47 St & Park Ave,40.74901271,-73.98848395,member,0.42,09:15,2.7218721872187217,Friday,Morning
B4D35CEA0D86EA9C,classic_bike,2023-01-13,2023-01-13,6 Ave & W 33 St,E 47 St & Park Ave,40.74901271,-73.98848395,member,0.42,09:33,2.635698372909483,Friday,Morning
0E03F08161934CDF,classic_bike,2023-01-19,2023-01-19,South St & Whitehall St,Cliff St & Fulton St,40.70122128,-74.01234218,member,0.49,05:23,5.459001782531193,Thursday,Morning
492E4C19208779BB,classic_bike,2023-01-31,2023-01-31,6 Ave & W 33 St,2 Ave & E 31 St,40.74901271,-73.98848395,member,0.42,08:26,2.986218365242946,Tuesday,Afternoon
9FF9ED4211E05BAD,electric_bike,2023-01-17,2023-01-17,E 102 St & 1 Ave,E 27 St & 1 Ave,40.786967993,-73.94159615,member,3.28,22:58,8.56626742018093,Tuesday,Morning
CF2F2A2DE2367D61,electric_bike,2023-01-22,2023-01-22,Lenox Ave & W 111 St,W 113 St & Broadway,40.7987859,-73.9523,member,0.5,05:52,5.112155000539617,Sunday,Afternoon
FBE934ADF4F200F7,electric_bike,2023-01-11,2023-01-11,W 35 St & 8 Ave,E 47 St & Park Ave,40.7526474,-73.992655516,member,0.17,16:07,0.6324921119345681,Wednesday,Afternoon
1602F1933B8C4230,electric_bike,2023-01-13,2023-01-13,E 102 St & 1 Ave,E 27 St & 1 Ave,40.7869946,-73.94164802,member,3.29,22:49,8.646359936488238,Friday,Morning
8F7F3C85D41B1600,electric_bike,2023-01-08,2023-01-08,W 70 St & Amsterdam Ave,2 Ave & E 31 St,40.77748046,-73.98288594,member,2.39,24:30,5.84998500788361,Sunday,Morning
F59BB426CE8CE30C,classic_bike,2023-01-05,2023-01-05,6 Ave & W 33 St,E 47 St & Park Ave,40.74901271,-73.98848395,member,0.42,09:19,2.7019492633971653,Thursday,Morning
CFA2A2BC635B6FDC,classic_bike,2023-01-09,2023-01-09,Vesey St & Church St,Cliff St & Fulton St,40.71221958009051,-74.01047229766846,casual,0.27,03:01,5.34321351415237,Monday,Night
99B66021385E4FE5,classic_bike,2023-01-15,2023-01-15,21 St & 4 Ave,Kent Ave & N 7 St,40.662584,-73.995554,member,3.99,39:19,6.087673689840569,Sunday,Afternoon
653269BA3D1E95E1,classic_bike,2023-01-13,2023-01-13,South St & Whitehall St,Cliff St & Fulton St,40.70122128,-74.01234218,member,0.49,07:02,4.179124279195826,Friday,Morning
D93DD3EEE5013B9C,classic_bike,2023-01-12,2023-01-12,6 Ave & W 33 St,E 27 St & 1 Ave,40.74901271,-73.98848395,member,0.66,09:13,4.290132874948767,Thursday,Morning
B1CC3D8F58B704E3,electric_bike,2023-01-13,2023-01-13,E 20 St & Park Ave,Lexington Ave & E 26 St,40.73827428,-73.98751968,member,0.22,02:41,4.905391595181319,Friday,Night
7641E14CDB71A4E3,classic_bike,2023-01-09,2023-01-09,Broadway & E 14 St,E 27 St & 1 Ave,40.73454567,-73.99074142,member,0.34,10:08,2.0120426671400886,Monday,Morning
D901F513586B4343,classic_bike,2023-01-11,2023-01-11,6 Ave & W 33 St,E 47 St & Park Ave,40.74901271,-73.98848395,member,0.42,11:22,2.216791019064109,Wednesday,Evening
2951E19CAEECFF38,classic_bike,2023-01-24,2023-01-24,6 Ave & W 33 St,E 27 St & 1 Ave,40.74901271,-73.98848395,member,0.66,10:44,3.688015037664009,Tuesday,Morning
4380B9383958D605,electric_bike,2023-01-21,2023-01-21,Broadway & E 14 St,Kent Ave & N 7 St,40.73454567,-73.99074142,member,0.98,23:01,2.5536128410245724,Saturday,Afternoon
BD0C817CA2041A89,classic_bike,2023-01-05,2023-01-05,St Nicholas Ave & Manhattan Ave,W 113 St & Broadway,40.809725,-73.953149,member,0.26,08:50,1.7641105283096394,Thursday,Afternoon
BEF1E1881D062AD4,electric_bike,2023-01-04,2023-01-04,Vesey St & Church St,Cliff St & Fulton St,40.71221958009051,-74.01047229766846,member,0.27,03:23,4.7874698320445255,Wednesday,Afternoon
DF1F3552D0ED505A,electric_bike,2023-01-13,2023-01-13,Broadway & E 14 St,E 27 St & 1 Ave,40.734343886,-73.990950108,member,0.35,04:34,4.590665646518744,Friday,Morning
6FA5857B794C8462,electric_bike,2023-01-30,2023-01-30,W 35 St & 8 Ave,Lexington Ave & E 26 St,40.752762088742045,-73.99280458705107,member,0.78,10:20,4.527228668578809,Monday,Afternoon
C7908212E55180F2,electric_bike,2023-01-09,2023-01-09,W 35 St & 8 Ave,2 Ave & E 31 St,40.752873182,-73.99267745,member,0.69,07:47,5.312119073586962,Monday,Afternoon
11B55AFE470ADB66,classic_bike,2023-01-05,2023-01-05,6 Ave & W 33 St,2 Ave & E 31 St,40.74901271,-73.98848395,member,0.42,05:46,4.3678087870375455,Thursday,Evening
2A44CEC5638F72EA,electric_bike,2023-01-10,2023-01-10,E 20 St & Park Ave,2 Ave & E 31 St,40.738224268,-73.987467289,member,0.32,04:50,3.966750914212125,Tuesday,Afternoon
0C9E006206F54119,classic_bike,2023-01-11,2023-01-11,6 Ave & W 33 St,2 Ave & E 31 St,40.74901271,-73.98848395,member,0.42,09:58,2.527113825418553,Wednesday,Night
61E7E0341A424459,classic_bike,2023-01-18,2023-01-18,E 20 St & Park Ave,E 27 St & 1 Ave,40.73827428,-73.98751968,member,0.08,06:28,0.7413108331767486,Wednesday,Morning
C73CFB720A1D5E54,electric_bike,2023-01-28,2023-01-28,6 Ave & W 33 St,2 Ave & E 31 St,40.74901271,-73.98848395,member,0.42,07:12,3.4961396791043224,Saturday,Night
B889211255AF1BD5,electric_bike,2023-01-29,2023-01-29,St Nicholas Ave & Manhattan Ave,Amsterdam Ave & W 162 St,40.809835196,-73.953130364,member,1.82,08:03,13.563532480437214,Sunday,Evening
F2DDA4B2E8FB7E43,classic_bike,2023-01-31,2023-01-31,E 20 St & Park Ave,Lexington Ave & E 26 St,40.73827428,-73.98751968,member,0.22,06:48,1.9386960800152746,Tuesday,Evening
9AF2D7110F872BA3,classic_bike,2023-01-18,2023-01-18,6 Ave & W 33 St,E 47 St & Park Ave,40.74901271,-73.98848395,member,0.42,09:07,2.76151269528753,Wednesday,Morning
5B54903A85878B0C,electric_bike,2023-01-22,2023-01-22,6 Ave & W 33 St,Lexington Ave & E 26 St,40.748968005,-73.98837924,member,0.52,03:50,8.112394803213757,Sunday,Afternoon
74032BCD35941F74,electric_bike,2023-01-14,2023-01-14,South St & Whitehall St,Cliff St & Fulton St,40.70122128,-74.01234218,member,0.49,07:34,3.8823242004811087,Saturday,Afternoon
5454316DE0D84355,electric_bike,2023-01-31,2023-01-31,E 102 St & 1 Ave,E 27 St & 1 Ave,40.7869946,-73.94164802,member,3.29,23:39,8.343712487108245,Tuesday,Morning
99EBAB39B86363EB,electric_bike,2023-01-06,2023-01-06,3 Ave & Schermerhorn St,St Johns Pl & Washington Ave,40.686748147,-73.979735017,member,0.9,08:08,6.631231874121209,Friday,Afternoon
0F8BBA145AA7887D,classic_bike,2023-01-09,2023-01-09,6 Ave & W 33 St,E 47 St & Park Ave,40.74901271,-73.98848395,member,0.42,08:24,2.998994384819376,Monday,Morning
F2718FCC5CC48A6D,electric_bike,2023-01-04,2023-01-04,Broadway & E 14 St,Lexington Ave & E 26 St,40.734616399,-73.991087317,member,0.47,05:17,5.328714274466577,Wednesday,Afternoon
679D064535368FBB,electric_bike,2023-01-07,2023-01-07,Berkeley Pl & 6 Ave,Kent Ave & N 7 St,40.676505685,-73.978488684,member,3.03,31:17,5.809086203260501,Saturday,Afternoon
81ED47E6FF2D0824,electric_bike,2023-01-30,2023-01-30,E 5 St & Ave A,Lexington Ave & E 26 St,40.7247715,-73.984053731,member,1.15,08:45,7.877236878407047,Monday,Evening
409F6AB96A5EE5A4,electric_bike,2023-01-02,2023-01-02,Creston Ave & E 181 St,Gerard Ave & E 146 St,40.8549,-73.90281,member,2.57,21:38,7.1267799618241225,Monday,Afternoon
60BD2ACFCA431AE5,electric_bike,2023-01-28,2023-01-28,Vesey St & Church St,Cliff St & Fulton St,40.712521791,-74.010271907,member,0.29,02:48,6.207893062501115,Saturday,Afternoon
6EE0234286F53DD8,electric_bike,2023-01-27,2023-01-27,E 102 St & Park Ave,W 113 St & Broadway,40.790863991,-73.950305343,member,1.04,07:43,8.07805332723452,Friday,Evening
EE408A9C7CE14849,electric_bike,2023-01-24,2023-01-24,Jerome Ave & W 195 St,Bedford Park Blvd & Paul Ave,40.86874,-73.89657,member,0.39,03:58,5.89574112489397,Tuesday,Evening
FA65C364D20FA866,electric_bike,2023-01-29,2023-01-29,Berkeley Pl & 6 Ave,Kent Ave & N 7 St,40.6765304,-73.97846879,member,3.03,22:31,8.071073990024365,Sunday,Evening
AEA37289CC682944,electric_bike,2023-01-23,2023-01-23,E 102 St & Park Ave,2 Ave & E 31 St,40.7904828,-73.95033068,member,3.29,19:34,10.083707371561289,Monday,Evening
E4EDB4D40BDC96ED,classic_bike,2023-01-19,2023-01-19,E 5 St & Ave A,Lexington Ave & E 26 St,40.72479007746337,-73.98430064320564,member,1.15,13:07,5.255427752466813,Thursday,Morning
AAC849C20E8F1FAC,electric_bike,2023-01-09,2023-01-09,Broadway & E 14 St,E 27 St & 1 Ave,40.73454567,-73.99074142,member,0.34,06:20,3.220984821372182,Monday,Morning
A6D00F583EBC60B6,classic_bike,2023-01-19,2023-01-19,W 70 St & Amsterdam Ave,E 47 St & Park Ave,40.77748046,-73.98288594,member,1.55,12:28,7.4509479261528275,Thursday,Morning
B1E239427C52037B,classic_bike,2023-01-13,2023-01-13,W 70 St & Amsterdam Ave,E 47 St & Park Ave,40.77748046,-73.98288594,member,1.55,12:02,7.728510447339482,Friday,Morning
9FB7C70C40F45543,electric_bike,2023-01-17,2023-01-17,St Nicholas Ave & Manhattan Ave,W 113 St & Broadway,40.809725,-73.953149,member,0.26,06:09,2.5363654100457413,Tuesday,Evening
DE523A26E93A97D1,electric_bike,2023-01-07,2023-01-07,31 Pl & Hunters Point Ave,E 47 St & Park Ave,40.740247965,-73.935422778,member,1.03,18:02,3.4249358979095703,Saturday,Afternoon
9337A19970135DF3,classic_bike,2023-01-18,2023-01-18,W 70 St & Amsterdam Ave,E 47 St & Park Ave,40.77748046,-73.98288594,member,1.55,12:58,7.164767831990046,Wednesday,Morning
108ADD9CF78A6D86,classic_bike,2023-01-25,2023-01-25,6 Ave & W 33 St,Lexington Ave & E 26 St,40.74901271,-73.98848395,member,0.52,03:56,7.907943427789325,Wednesday,Morning
D0682AE48740B246,classic_bike,2023-01-24,2023-01-24,6 Ave & W 33 St,Lexington Ave & E 26 St,40.74901271,-73.98848395,member,0.52,04:33,6.8569168049404965,Tuesday,Morning
FE77BCBC416AC849,electric_bike,2023-01-12,2023-01-12,E 82 St & East End Ave,E 43 St & 2 Ave,40.772450686,-73.946856737,member,1.54,13:22,6.909358292102344,Thursday,Morning
A79F38031CF2DC4F,electric_bike,2023-01-24,2023-01-24,W 35 St & 8 Ave,E 47 St & Park Ave,40.752788186,-73.992927313,member,0.16,08:11,1.1729130394941814,Tuesday,Afternoon
67B49686743061AD,classic_bike,2023-01-05,2023-01-05,E 82 St & East End Ave,E 27 St & 1 Ave,40.7724607,-73.9468208,member,2.28,25:26,5.376425083433497,Thursday,Morning
196B188A9FA43B5A,classic_bike,2023-01-20,2023-01-20,W 70 St & Amsterdam Ave,West End Ave & W 78 St,40.77748046,-73.98288594,member,0.44,04:03,6.500595067098945,Friday,Afternoon
359813959F1544E2,electric_bike,2023-01-18,2023-01-18,W 70 St & Amsterdam Ave,W 113 St & Broadway,40.777395844,-73.982793689,member,1.97,14:23,8.212962630556806,Wednesday,Morning
03AFAA9E455D782E,classic_bike,2023-01-30,2023-01-30,South St & Whitehall St,Lexington Ave & E 26 St,40.70122128,-74.01234218,member,2.78,33:51,4.927410790379732,Monday,Morning
11FE9ED72DA24B3D,classic_bike,2023-01-01,2023-01-01,E 20 St & Park Ave,Lexington Ave & E 26 St,40.73827428,-73.98751968,member,0.22,05:05,2.593897789946681,Sunday,Afternoon
90487B3ED3A2C747,classic_bike,2023-01-04,2023-01-04,E 150 St & Gerard Ave,Gerard Ave & E 146 St,40.820089,-73.928947,member,0.16,01:24,6.834037302453609,Wednesday,Afternoon
9E111347F0F81BE3,classic_bike,2023-01-18,2023-01-18,6 Ave & W 33 St,E 47 St & Park Ave,40.74901271,-73.98848395,member,0.42,05:42,4.412717498526175,Wednesday,Morning
6E714D423CF5C982,electric_bike,2023-01-31,2023-01-31,Berkeley Pl & 6 Ave,St Johns Pl & Washington Ave,40.6765304,-73.97846879,member,0.19,09:08,1.2463761249728948,Tuesday,Afternoon
769F4CF810AF3B51,electric_bike,2023-01-14,2023-01-14,Plaza Dr & W 170 St,Academy St & Nagle Ave,40.840618849,-73.917868018,member,1.52,22:12,4.1071399084600175,Saturday,Afternoon
11B872E813387D6A,classic_bike,2023-01-27,2023-01-27,E 20 St & Park Ave,Lexington Ave & E 26 St,40.73827428,-73.98751968,member,0.22,05:49,2.2677295217152285,Friday,Morning
79581BCEC6EF61ED,classic_bike,2023-01-16,2023-01-16,6 Ave & W 33 St,2 Ave & E 31 St,40.74901271,-73.98848395,member,0.42,06:12,4.060499291023933,Monday,Evening
C514A61127D1D58C,classic_bike,2023-01-22,2023-01-22,6 Ave & W 33 St,2 Ave & E 31 St,40.74901271,-73.98848395,member,0.42,08:52,2.8403914179602157,Sunday,Morning
F6BBB1443FE7B51D,classic_bike,2023-01-03,2023-01-03,Lispenard St & Broadway,Cliff St & Fulton St,40.71939226,-74.00247214,member,0.76,08:27,5.394545121150521,Tuesday,Evening
C0B766649B3BA94E,electric_bike,2023-01-26,2023-01-26,Lenox Ave & W 111 St,W 113 St & Broadway,40.7987859,-73.9523,member,0.5,05:36,5.346735817783244,Thursday,Morning
BBEAEE376AC1FAE5,classic_bike,2023-01-06,2023-01-06,E 20 St & Park Ave,Lexington Ave & E 26 St,40.73827428,-73.98751968,member,0.22,03:07,4.221928440445221,Friday,Afternoon
33102AE0F3232074,classic_bike,2023-01-12,2023-01-12,6 Ave & W 33 St,Lexington Ave & E 26 St,40.74901271,-73.98848395,member,0.52,07:51,3.971950223316112,Thursday,Evening
654D251A9E9851A2,classic_bike,2023-01-31,2023-01-31,6 Ave & W 33 St,E 27 St & 1 Ave,40.74901271,-73.98848395,member,0.66,09:27,4.187942743631278,Tuesday,Morning
ED97A13C1FE62285,electric_bike,2023-01-23,2023-01-23,E 102 St & 1 Ave,E 43 St & 2 Ave,40.786978006,-73.941588283,member,2.54,15:10,10.038092937986455,Monday,Afternoon
906FE686BA7009EE,electric_bike,2023-01-17,2023-01-17,W 70 St & Amsterdam Ave,West End Ave & W 78 St,40.777568936,-73.982938528,member,0.43,02:11,11.751041880166701,Tuesday,Night
73301E21674C6E75,classic_bike,2023-01-11,2023-01-11,7 Ave & Central Park South,West End Ave & W 78 St,40.7667405590595,-73.9790689945221,member,1.18,09:45,7.250421149109826,Wednesday,Evening
8CC0FC95D8AC34F4,electric_bike,2023-01-04,2023-01-04,W 35 St & 8 Ave,2 Ave & E 31 St,40.752762088742045,-73.99280458705107,member,0.68,07:42,5.295549186090531,Wednesday,Night
A6F8317A7E4E798D,classic_bike,2023-01-31,2023-01-31,6 Ave & W 33 St,E 47 St & Park Ave,40.74901271,-73.98848395,member,0.42,08:03,3.1270099621739336,Tuesday,Morning
FA034C705FA2A3DC,classic_bike,2023-01-18,2023-01-18,6 Ave & W 33 St,E 47 St & Park Ave,40.74901271,-73.98848395,member,0.42,07:15,3.4705007436787305,Wednesday,Evening
C06B55008F713573,electric_bike,2023-01-21,2023-01-21,E 5 St & Ave A,Cliff St & Fulton St,40.724731803,-73.984010816,casual,1.13,10:46,6.292109805668466,Saturday,Afternoon
636383A72269779F,classic_bike,2023-01-09,2023-01-09,Broadway & E 14 St,E 27 St & 1 Ave,40.73454567,-73.99074142,member,0.34,08:31,2.394647259067966,Monday,Morning
23C49D4E79B41B70,classic_bike,2023-01-23,2023-01-23,6 Ave & W 33 St,E 27 St & 1 Ave,40.74901271,-73.98848395,member,0.66,08:41,4.554463796229916,Monday,Afternoon
E89C2C871FE9DB37,electric_bike,2023-01-27,2023-01-27,Vesey St & Church St,Cliff St & Fulton St,40.712147236,-74.010658622,casual,0.26,06:35,2.3662715296580283,Friday,Morning
FD725BCAE4CDC50B,classic_bike,2023-01-10,2023-01-10,W 35 St & 8 Ave,E 47 St & Park Ave,40.752762088742045,-73.99280458705107,member,0.16,08:17,1.1576004710790804,Tuesday,Morning
41CA0336130B6E0D,electric_bike,2023-01-28,2023-01-28,South St & Whitehall St,Cliff St & Fulton St,40.70122128,-74.01234218,member,0.49,06:31,4.50924856082373,Saturday,Evening
6CF64D740E04B980,classic_bike,2023-01-30,2023-01-30,6 Ave & W 33 St,E 27 St & 1 Ave,40.74901271,-73.98848395,casual,0.66,07:27,5.3069949141298745,Monday,Morning
486CEDD07BE1C77C,electric_bike,2023-01-03,2023-01-03,W 35 St & 8 Ave,E 27 St & 1 Ave,40.752504587,-73.992851973,casual,0.9,11:17,4.780037148560309,Tuesday,Night
3EA20080A2BE2E35,classic_bike,2023-01-02,2023-01-02,Vesey St & Church St,2 Ave & E 31 St,40.71221958009051,-74.01047229766846,casual,2.12,64:35,1.969466050709622,Monday,Evening
DDCA03F4B6676392,classic_bike,2023-01-02,2023-01-02,Broadway & E 14 St,E 27 St & 1 Ave,40.73454567,-73.99074142,casual,0.34,09:23,2.1738744338868665,Monday,Morning
E355EF79BCD803C5,classic_bike,2023-01-16,2023-01-16,Berkeley Pl & 6 Ave,Pacific St & Nevins St,40.6765304,-73.97846879,member,0.61,06:36,5.532907699207352,Monday,Afternoon
429E683B68E1576B,classic_bike,2023-01-10,2023-01-10,6 Ave & W 33 St,E 47 St & Park Ave,40.74901271,-73.98848395,member,0.42,11:37,2.16904802892064,Tuesday,Morning
82F4E9C79586A911,electric_bike,2023-01-08,2023-01-08,E 123 St & Lexington Ave,E 128 St & 3 Ave,40.802899718,-73.937790871,member,0.19,01:52,6.1039818665334025,Sunday,Afternoon
A4201C515E28C5E7,electric_bike,2023-01-03,2023-01-03,E 123 St & Lexington Ave,W 113 St & Broadway,40.8029263,-73.9379,member,0.21,11:19,1.111831742796257,Tuesday,Afternoon
23C18F023227AE41,electric_bike,2023-01-20,2023-01-20,1 Ave & E 30 St,E 47 St & Park Ave,40.741670251,-73.975375652,member,0.93,06:27,8.640668955015872,Friday,Morning
599C7E8E0B5CA1D9,classic_bike,2023-01-19,2023-01-19,1 Ave & E 30 St,2 Ave & E 31 St,40.74144387,-73.97536082,member,0.1,01:46,3.3860363622682685,Thursday,Evening
5879CA8C09A9F266,electric_bike,2023-01-13,2023-01-13,W 36 St & 9 Ave,2 Ave & E 31 St,40.75462324029105,-73.99516761302948,member,0.81,09:12,5.279634119182852,Friday,Morning
F57778A7AF886DEA,electric_bike,2023-01-13,2023-01-13,Graham Ave & Withers St,Kent Ave & N 7 St,40.7169811,-73.94485918,member,0.23,09:30,1.4522086550232738,Friday,Afternoon
4DE6EE7CBB04BAC7,electric_bike,2023-01-22,2023-01-22,Berkeley Pl & 7 Ave,St Johns Pl & Washington Ave,40.675146838709786,-73.97523209452629,member,0.1,06:45,0.887563023138275,Sunday,Afternoon
5CBDF3C1191C0020,electric_bike,2023-01-05,2023-01-05,E 89 St & 3 Ave,W 113 St & Broadway,40.780652881,-73.952193618,member,1.75,11:40,8.987366330757904,Thursday,Morning
E4D516C5DEB8C422,classic_bike,2023-01-31,2023-01-31,E 47 St & 1 Ave,E 47 St & Park Ave,40.75206862,-73.96784384,member,0.21,03:06,4.051750935225579,Tuesday,Afternoon
6C9ABB7CE8325AD3,classic_bike,2023-01-14,2023-01-14,Broadway & W 29 St,Lexington Ave & E 26 St,40.7462009,-73.98855723,member,0.33,05:59,3.3083720191930137,Saturday,Evening
BAC67D583F19992C,electric_bike,2023-01-20,2023-01-20,E 9 St & Avenue C,2 Ave & E 31 St,40.725150347,-73.97761178,member,1.23,13:37,5.415884392639387,Friday,Evening
34B6687D4E2E3206,classic_bike,2023-01-11,2023-01-11,Broadway & W 29 St,Lexington Ave & E 26 St,40.7462009,-73.98855723,member,0.33,05:48,3.4079662645763706,Wednesday,Afternoon
EBEFC83D780D364E,classic_bike,2023-01-11,2023-01-11,Broadway & W 29 St,Lexington Ave & E 26 St,40.7462009,-73.98855723,member,0.33,04:32,4.357921843532997,Wednesday,Morning
692C2734D20568E9,electric_bike,2023-01-18,2023-01-18,Berkeley Pl & 7 Ave,Pacific St & Nevins St,40.67523396,-73.975185752,member,0.7,05:55,7.083028838045984,Wednesday,Night
E6F225E993BD73C6,classic_bike,2023-01-17,2023-01-17,Berkeley Pl & 7 Ave,Flatbush Ave & Eastern Pkwy,40.675146838709786,-73.97523209452629,member,0.44,15:22,1.717471586904713,Tuesday,Evening
731D1E2AF6D08A2C,electric_bike,2023-01-27,2023-01-27,Riverside Dr & W 104 St,Lexington Ave & E 26 St,40.801381111,-73.971165657,member,4.14,27:40,8.973653440201533,Friday,Afternoon
9C2DCEA8BD9D40CF,classic_bike,2023-01-27,2023-01-27,E 47 St & 1 Ave,E 43 St & 2 Ave,40.75206862,-73.96784384,member,0.13,03:49,2.0374667496745715,Friday,Morning
2C088E725537A311,classic_bike,2023-01-01,2023-01-01,Broadway & W 29 St,E 27 St & 1 Ave,40.7462009,-73.98855723,member,0.47,37:05,0.7604238059391257,Sunday,Afternoon
D1E69362CC29C696,classic_bike,2023-01-30,2023-01-30,Broadway & W 29 St,2 Ave & E 31 St,40.7462009,-73.98855723,member,0.23,04:57,2.782108488790925,Monday,Afternoon
40C989C7A4F04976,electric_bike,2023-01-18,2023-01-18,6 Ave & W 33 St,W 113 St & Broadway,40.748811126,-73.988836765,member,3.95,34:19,6.906131012510685,Wednesday,Afternoon
196483D122A80F0A,electric_bike,2023-01-22,2023-01-22,W 35 St & 8 Ave,W 33 St & 10 Ave,40.752762088742045,-73.99280458705107,member,0.07,04:03,1.0355157238131634,Sunday,Afternoon
6F3629A7E283017A,classic_bike,2023-01-19,2023-01-19,6 Ave & W 33 St,W 33 St & 10 Ave,40.74901271,-73.98848395,member,0.33,05:28,3.615249780893953,Thursday,Afternoon
8867B05F3078D2F2,electric_bike,2023-01-24,2023-01-24,W 35 St & 8 Ave,Bedford Ave & S 9 St,40.75280714,-73.992697001,member,3.06,22:16,8.243929306959146,Tuesday,Evening
14615A9F88E73C01,classic_bike,2023-01-14,2023-01-14,Vesey St & Church St,West Thames St,40.71221958009051,-74.01047229766846,member,0.27,06:18,2.570191072023523,Saturday,Night
60E3ADFC2E942706,electric_bike,2023-01-04,2023-01-04,Cherry St,Devoe St & Lorimer St,40.712257862,-73.979164481,member,0.08,41:08,0.11664651004172544,Wednesday,Evening
E7C05EE664B506CC,electric_bike,2023-01-15,2023-01-15,Barrow St & Hudson St,Broadway & Morris St,40.731764197,-74.006922722,member,1.78,12:02,8.87293754050147,Sunday,Night
E1A5F33B04D0C04A,classic_bike,2023-01-04,2023-01-04,Irving Ave & Palmetto St,Wilson Ave & Moffat St,40.698,-73.9127,member,0.62,07:16,5.118150861624187,Wednesday,Afternoon
F4910B65FAD2306D,classic_bike,2023-01-05,2023-01-05,Clermont Ave & Lafayette Ave,Fulton St & Irving Pl,40.68764484,-73.96968902,member,0.4,04:49,4.981027129302622,Thursday,Evening
95F355F891032BFF,electric_bike,2023-01-12,2023-01-12,W 111 St & 5 Ave,2 Ave & E 125 St,40.797504067,-73.949001193,member,0.35,09:10,2.2878309184006973,Thursday,Afternoon
C2056F14D97604D3,classic_bike,2023-01-09,2023-01-09,W 111 St & 5 Ave,2 Ave & E 125 St,40.79752078124756,-73.9489397406578,member,0.35,11:03,1.8990432439275833,Monday,Afternoon
9DCACFD6BA5C601B,classic_bike,2023-01-26,2023-01-26,E 20 St & Park Ave,Pike St & Monroe St,40.73827428,-73.98751968,member,1.83,18:26,5.952386330473092,Thursday,Evening
46510D3D84201881,classic_bike,2023-01-02,2023-01-02,Broadway & E 14 St,E 30 St & Park Ave S,40.73454567,-73.99074142,member,0.68,10:23,3.9268842387250467,Monday,Afternoon
F762B850620196BC,classic_bike,2023-01-02,2023-01-02,6 Ave & W 33 St,E 51 St & 2 Ave,40.74901271,-73.98848395,member,0.43,10:08,2.544119435560479,Monday,Night
FA69851E27FDC1A4,electric_bike,2023-01-15,2023-01-15,E 82 St & East End Ave,E 85 St & 3 Ave,40.77255559,-73.946845293,member,0.38,04:41,4.854679016288725,Sunday,Evening
D4755C4EA68737DF,electric_bike,2023-01-03,2023-01-03,3 Ave & Schermerhorn St,Monroe St & Classon Ave,40.686915994,-73.979736567,member,0.16,06:17,1.5244467264094517,Tuesday,Morning
27590826667822A5,electric_bike,2023-01-16,2023-01-16,Broadway & E 14 St,Devoe St & Lorimer St,40.734518409,-73.991154552,member,1.46,25:03,3.496331379840217,Monday,Afternoon
D89909C4C8813254,electric_bike,2023-01-13,2023-01-13,Plaza Dr & W 170 St,E 165 St & Jerome Ave,40.840484,-73.917946,casual,0.54,05:28,5.9213772684905965,Friday,Afternoon
E9AC0AAAD176AE96,electric_bike,2023-01-05,2023-01-05,E 20 St & Park Ave,W 33 St & 10 Ave,40.738274455,-73.987349153,member,1.07,13:11,4.865424038377737,Thursday,Morning
67DC3978744BA280,classic_bike,2023-01-13,2023-01-13,South St & Whitehall St,Broadway & Morris St,40.70122128,-74.01234218,member,0.33,04:18,4.594234004292592,Friday,Afternoon
824DC0B08A2157A4,classic_bike,2023-01-03,2023-01-03,7 Ave & Central Park South,Broadway & Whipple St,40.7667405590595,-73.9790689945221,member,4.5,44:38,6.04905560052933,Tuesday,Evening
9F30F0105A394F28,electric_bike,2023-01-28,2023-01-28,South St & Whitehall St,West Thames St,40.701202989,-74.012507439,member,0.49,05:21,5.483812804267675,Saturday,Afternoon
49F1489E76DA49E1,electric_bike,2023-01-29,2023-01-29,St Nicholas Ave & Manhattan Ave,2 Ave & E 125 St,40.809725,-73.953149,member,0.5,08:42,3.444870587694923,Sunday,Morning
8480214646D75FD8,classic_bike,2023-01-11,2023-01-11,Lispenard St & Broadway,Fulton St & Broadway,40.71939226,-74.00247214,member,0.58,19:57,1.7440359899534172,Wednesday,Night
1E8FDED8A4EFBB7B,electric_bike,2023-01-17,2023-01-17,South St & Whitehall St,West Thames St,40.701227784,-74.012328148,member,0.49,03:58,7.410270197607205,Tuesday,Evening
E3CA5561D204E022,electric_bike,2023-01-14,2023-01-14,Lispenard St & Broadway,Broadway & Morris St,40.71939226,-74.00247214,member,0.93,06:41,8.333084435948747,Saturday,Evening
5724A56B993E867D,electric_bike,2023-01-30,2023-01-30,South St & Whitehall St,West Thames St,40.701200247,-74.012467742,member,0.49,06:26,4.56408345752608,Monday,Morning
46BE1D2DF804231C,electric_bike,2023-01-10,2023-01-10,W 70 St & Amsterdam Ave,W 33 St & 10 Ave,40.77748394,-73.982865095,member,1.64,09:49,10.01202324607294,Tuesday,Afternoon
444280AD6392ED1B,electric_bike,2023-01-09,2023-01-09,Vesey St & Church St,West Thames St,40.71221958009051,-74.01047229766846,casual,0.27,05:17,3.063800815122316,Monday,Evening
CC9C785CB3109A58,classic_bike,2023-01-18,2023-01-18,Berkeley Pl & 6 Ave,Van Brunt St & Wolcott St,40.6765304,-73.97846879,casual,0.06,21:19,0.1688481429831089,Wednesday,Afternoon
16319BC76F3A92CF,electric_bike,2023-01-10,2023-01-10,6 Ave & W 33 St,W 33 St & 10 Ave,40.748779058,-73.988759398,casual,0.35,15:11,1.3830863902103827,Tuesday,Evening
0B16888515D27C48,classic_bike,2023-01-10,2023-01-10,Myrtle Ave & St Edwards St,Fulton St & Irving Pl,40.69327018,-73.97703874,casual,0.79,12:39,3.742883388915064,Tuesday,Afternoon
3622740565AEDDDA,electric_bike,2023-01-10,2023-01-10,Vesey St & Church St,West Thames St,40.712254524,-74.010590911,casual,0.27,06:29,2.4941431258387583,Tuesday,Afternoon
A1AE36BF375BF202,electric_bike,2023-01-10,2023-01-10,6 Ave & W 33 St,W 33 St & 10 Ave,40.74901271,-73.98848395,casual,0.33,20:09,0.9820454320007935,Tuesday,Evening
F3B64F75353250D4,electric_bike,2023-01-10,2023-01-10,31 Pl & Hunters Point Ave,Broadway & Whipple St,40.740235329,-73.935348511,casual,2.66,16:32,9.644796332237854,Tuesday,Afternoon
69041ABE8D826988,classic_bike,2023-01-02,2023-01-02,6 Ave & W 33 St,Fulton St & Broadway,40.74901271,-73.98848395,member,2.62,28:18,5.5520204657175105,Monday,Evening
0FD480507221A7CD,electric_bike,2023-01-03,2023-01-03,Broadway & E 14 St,Fulton St & Broadway,40.734740734,-73.991103888,member,1.64,45:31,2.1613326460803144,Tuesday,Morning
544A50D32AE6FA2F,electric_bike,2023-01-04,2023-01-04,W 35 St & 8 Ave,W 33 St & 10 Ave,40.75286293,-73.992974877,member,0.06,03:01,1.1910801332245184,Wednesday,Night
919CCA59A9BE43A3,classic_bike,2023-01-16,2023-01-16,6 Ave & W 33 St,W 33 St & 10 Ave,40.74901271,-73.98848395,member,0.33,07:02,2.8098591049605366,Monday,Morning
7531A7670EBE2767,electric_bike,2023-01-02,2023-01-02,6 Ave & W 33 St,Fulton St & Broadway,40.74901271,-73.98848395,casual,2.62,28:47,5.458541819305599,Monday,Evening
94256BBE97CBDD6B,electric_bike,2023-01-04,2023-01-04,E 20 St & Park Ave,Broadway & Morris St,40.738170266,-73.987140775,casual,2.23,65:10,2.053054109790828,Wednesday,Afternoon
3DB4EA117D53F61E,electric_bike,2023-01-07,2023-01-07,E 82 St & East End Ave,W 33 St & 10 Ave,40.7724607,-73.9468208,casual,1.29,20:40,3.743307749227399,Saturday,Morning
5523EDFC729F6BE5,electric_bike,2023-01-28,2023-01-28,South St & Whitehall St,West Thames St,40.701020241,-74.012665987,casual,0.51,05:09,5.925199200937189,Saturday,Afternoon
7E17B77CB4B7BEA4,classic_bike,2023-01-08,2023-01-08,6 Ave & W 33 St,W 33 St & 10 Ave,40.74901271,-73.98848395,casual,0.33,08:42,2.272183916839599,Sunday,Afternoon
387D6679FF6A4F8C,classic_bike,2023-01-15,2023-01-15,Vesey St & Church St,West Thames St,40.71221958009051,-74.01047229766846,casual,0.27,35:14,0.45966922732062027,Sunday,Evening
CF23122495B0CB6F,classic_bike,2023-01-17,2023-01-17,Myrtle Ave & St Edwards St,Fulton St & Irving Pl,40.69327018,-73.97703874,casual,0.79,15:06,3.138265766088854,Tuesday,Afternoon
3F1738489A90B02B,classic_bike,2023-01-07,2023-01-07,Vesey St & Church St,West Thames St,40.71221958009051,-74.01047229766846,member,0.27,05:39,2.8591851322373123,Saturday,Afternoon
8EE0525F37F97251,electric_bike,2023-01-04,2023-01-04,21 St & 4 Ave,Van Brunt St & Wolcott St,40.662584,-73.995554,casual,1.02,12:56,4.728546409807356,Wednesday,Morning
33EB8AA80FD25F21,electric_bike,2023-01-02,2023-01-02,W 70 St & Amsterdam Ave,W 33 St & 10 Ave,40.777461052,-73.982811093,casual,1.64,41:45,2.3562898651598756,Monday,Afternoon
5650048A4A19C0E7,electric_bike,2023-01-11,2023-01-11,Vesey St & Church St,West Thames St,40.71221958009051,-74.01047229766846,member,0.27,03:40,4.409143074878318,Wednesday,Evening
7A4B2129ED01062F,classic_bike,2023-01-18,2023-01-18,E 20 St & Park Ave,Fulton St & Broadway,40.73827428,-73.98751968,member,1.88,19:52,5.674929189159275,Wednesday,Morning
8BC2A1DCCD46D749,electric_bike,2023-01-16,2023-01-16,E 5 St & Ave A,Fulton St & Broadway,40.724816084,-73.984098554,member,0.95,09:43,5.8635038035623355,Monday,Evening
DE719CF930952A04,classic_bike,2023-01-17,2023-01-17,7 Ave & Central Park South,West Thames St,40.7667405590595,-73.9790689945221,casual,4.03,186:38,1.2955451125721367,Tuesday,Morning
6E0D6C40CFC0E9C2,classic_bike,2023-01-12,2023-01-12,W 35 St & 8 Ave,W 33 St & 10 Ave,40.752762088742045,-73.99280458705107,member,0.07,08:35,0.48890932478130045,Thursday,Afternoon
8B9F17A09A670A33,classic_bike,2023-01-08,2023-01-08,Berkeley Pl & 6 Ave,Fulton St & Irving Pl,40.6765304,-73.97846879,member,0.37,16:26,1.3503663324881716,Sunday,Evening
00054514F9F12686,electric_bike,2023-01-27,2023-01-27,Lispenard St & Broadway,Broadway & Morris St,40.719358087,-74.002162814,member,0.93,12:50,4.345743624490368,Friday,Night
D2EBD39F34549A69,electric_bike,2023-01-24,2023-01-24,Lenox Ave & W 111 St,W 104 St & Amsterdam Ave,40.798705101,-73.952364206,member,0.02,06:41,0.17935834551890614,Tuesday,Morning
606735728B243C1E,electric_bike,2023-01-18,2023-01-18,3 Ave & E 71 St,W 33 St & 10 Ave,40.768738866,-73.961762667,member,1.03,13:30,4.5725503930075,Wednesday,Morning
87B92339D79F826F,classic_bike,2023-01-30,2023-01-30,W 36 St & 9 Ave,W 33 St & 10 Ave,40.754623,-73.995168,casual,0.06,04:44,0.7586374029312906,Monday,Afternoon
19B34FE7D61FED1C,classic_bike,2023-01-11,2023-01-11,12 St & 4 Ave,Van Brunt St & Wolcott St,40.668603,-73.9904394,member,0.6,12:23,2.906167128827967,Wednesday,Evening
C50B9739CE38E46F,electric_bike,2023-01-08,2023-01-08,Graham Ave & Withers St,Devoe St & Lorimer St,40.716899872,-73.944739223,member,0.25,04:58,3.017420574785093,Sunday,Afternoon
BADA2CC04E8FC0A8,electric_bike,2023-01-08,2023-01-08,Vernon Blvd & Queens Plaza S,Wilson Ave & Moffat St,40.754069567,-73.949435353,member,4.49,39:48,6.7678041105073055,Sunday,Evening
301A9C7E27E2A05B,classic_bike,2023-01-31,2023-01-31,Broadway & W 29 St,Fulton St & Broadway,40.7462009,-73.98855723,member,2.43,51:55,2.808051931627081,Tuesday,Evening
569A92D7326E48EA,electric_bike,2023-01-16,2023-01-16,Graham Ave & Withers St,Broadway & Whipple St,40.716891646,-73.944923878,member,1.05,09:38,6.5372702227341355,Monday,Evening
479F66B66EDF0489,electric_bike,2023-01-09,2023-01-09,12 St & 4 Ave,3 Ave & 17 St,40.66863668,-73.990501404,member,0.17,05:16,1.9359001935900195,Monday,Afternoon
AD5311454B457575,electric_bike,2023-01-05,2023-01-05,Manhattan Av & Leonard St,Devoe St & Lorimer St,40.720795631,-73.948456764,member,0.51,04:40,6.554918866813045,Thursday,Afternoon
542949EDE3BD7BAE,electric_bike,2023-01-02,2023-01-02,Cumberland St & Lafayette Ave,Monroe St & Classon Ave,40.687582612,-73.97269237,member,0.21,06:09,2.045028497850826,Monday,Afternoon
7CC3A25BE85FCE9E,classic_bike,2023-01-11,2023-01-11,12 St & 4 Ave,Fulton St & Irving Pl,40.668603,-73.9904394,member,0.92,17:39,3.1248761654599284,Wednesday,Morning
EB48DA18B9652DED,electric_bike,2023-01-24,2023-01-24,E 68 St & Madison Ave,48 Ave & 41 St,40.769016266,-73.96655488,member,2.01,16:12,7.437733649783065,Tuesday,Evening
F76DA038BFC6C340,electric_bike,2023-01-29,2023-01-29,President St & 4 Ave,Devoe St & Lorimer St,40.67664957,-73.98342073,member,2.54,23:40,6.435280878474957,Sunday,Afternoon
6763ADDD326D0FBD,classic_bike,2023-01-04,2023-01-04,President St & 4 Ave,Broadway & Morris St,40.676757,-73.983262,member,2.02,32:53,3.684872463483178,Wednesday,Morning
8E5C82A1EB50EE54,classic_bike,2023-01-29,2023-01-29,Underhill Ave & Pacific St,Monroe St & Classon Ave,40.6804836,-73.9646795,member,0.28,07:03,2.3807330673903344,Sunday,Afternoon
102592E13E402E53,classic_bike,2023-01-13,2023-01-13,46 St & Queens Blvd,48 Ave & 41 St,40.74349759836971,-73.91860529780388,member,0.25,03:22,4.4534833662396265,Friday,Night
713BB8C6011330D0,classic_bike,2023-01-06,2023-01-06,Underhill Ave & Pacific St,Fulton St & Irving Pl,40.6804836,-73.9646795,member,0.1,04:00,1.4956874345636748,Friday,Evening
7C83535C4C8853F2,electric_bike,2023-01-28,2023-01-28,E 68 St & Madison Ave,Fulton St & Broadway,40.769231677,-73.967118382,member,4.02,29:51,8.07607763347264,Saturday,Evening
7882EC740F9D0EAF,electric_bike,2023-01-16,2023-01-16,President St & 4 Ave,46 St & 6 Ave,40.67677629,-73.98328626200001,member,2.13,12:30,10.217038790903798,Monday,Afternoon
DF54DC81F6A4D5AD,electric_bike,2023-01-18,2023-01-18,Prospect Pl & Nostrand Ave,Devoe St & Lorimer St,40.674318314,-73.950267911,member,2.7,18:46,8.62961378039231,Wednesday,Evening
D92658C2B5A8487A,electric_bike,2023-01-03,2023-01-03,Cherry St,Broadway & Morris St,40.712294221,-73.979059339,member,0.44,10:21,2.5494560677537264,Tuesday,Evening
BEACD138187D42CE,electric_bike,2023-01-04,2023-01-04,Cherry St,Broadway & Morris St,40.712226629,-73.97948122,member,0.43,09:36,2.685933205630049,Wednesday,Afternoon
58F7D1CD2C536FB2,electric_bike,2023-01-20,2023-01-20,Prospect Pl & Nostrand Ave,Broadway & Whipple St,40.674145579,-73.950365543,member,1.9,14:13,8.01677427975026,Friday,Afternoon
36C55AFE3D236C07,classic_bike,2023-01-26,2023-01-26,Broadway & W 61 St,W 104 St & Amsterdam Ave,40.77003010255044,-73.9819684624672,member,2.0,20:21,5.893726292076703,Thursday,Night
365B928B6CBCFADE,classic_bike,2023-01-20,2023-01-20,Broadway & W 61 St,W 104 St & Amsterdam Ave,40.77003010255044,-73.9819684624672,member,2.0,19:03,6.294581152450385,Friday,Night
67EC82393C16FBE5,classic_bike,2023-01-05,2023-01-05,Broadway & W 61 St,W 104 St & Amsterdam Ave,40.77003010255044,-73.9819684624672,member,2.0,22:01,5.447946010855032,Thursday,Evening
80A5B451527DE5B6,electric_bike,2023-01-19,2023-01-19,W 54 St & 11 Ave,W 33 St & 10 Ave,40.768253326,-73.992691398,member,1.0,05:45,10.42496199232607,Thursday,Evening
4545537BF1DD6F49,classic_bike,2023-01-07,2023-01-07,W 59 St & 10 Ave,W 33 St & 10 Ave,40.770513,-73.988038,member,1.16,09:06,7.647259182754112,Saturday,Morning
7364B24AB331E2C7,electric_bike,2023-01-31,2023-01-31,Prospect Pl & Nostrand Ave,Monroe St & Classon Ave,40.674326777,-73.950311065,member,0.71,06:48,6.258140969767009,Tuesday,Afternoon
2B4157BEC168C033,electric_bike,2023-01-13,2023-01-13,9 Ave & W 219 St,W 171 St & St. Nicholas Ave,40.871094,-73.911503,member,1.95,15:30,7.543601371173127,Friday,Evening
6785ED054FF7D953,classic_bike,2023-01-01,2023-01-01,W 54 St & 11 Ave,West Thames St,40.768333,-73.992573,member,4.14,29:36,8.39058794917006,Sunday,Afternoon
FF088B9B5AA46470,electric_bike,2023-01-21,2023-01-21,Clermont Ave & Lafayette Ave,Fulton St & Irving Pl,40.68764484,-73.96968902,member,0.4,07:53,3.0443266647075857,Saturday,Afternoon
585B1BCD457C94AC,electric_bike,2023-01-11,2023-01-11,W 54 St & 11 Ave,W 33 St & 10 Ave,40.768317223,-73.992547989,member,1.0,06:56,8.645574666544988,Wednesday,Morning
B01C07782947603C,electric_bike,2023-01-08,2023-01-08,W 54 St & 11 Ave,W 104 St & Amsterdam Ave,40.768281937,-73.992480397,member,2.13,10:25,12.264267126869909,Sunday,Morning
EC8528B0AD42012A,electric_bike,2023-01-14,2023-01-14,Macon St & Nostrand Ave,Putnam Ave & Nostrand Ave,40.6809833854,-73.9500479759,casual,0.21,07:11,1.7500891249091388,Saturday,Morning
CFB89D43C57AA4CA,classic_bike,2023-01-31,2023-01-31,W 59 St & 10 Ave,W 33 St & 10 Ave,40.770513,-73.988038,member,1.16,13:38,5.0992746721371525,Tuesday,Morning
84F29AEFBFFCBFAA,classic_bike,2023-01-02,2023-01-02,Broadway & W 61 St,W 33 St & 10 Ave,40.77003,-73.981968,casual,1.12,19:08,3.5109014709736748,Monday,Afternoon
24B2A290EBC58D59,electric_bike,2023-01-28,2023-01-28,W 59 St & 10 Ave,Fulton St & Broadway,40.770992041,-73.988412023,member,4.14,17:22,14.303084510461963,Saturday,Evening
ACF9A91F2B01272C,classic_bike,2023-01-06,2023-01-06,Broadway & W 41 St,W 33 St & 10 Ave,40.75513557,-73.98658032,member,0.09,05:29,0.9840516809364285,Friday,Afternoon
7BB502AFF58F48F0,classic_bike,2023-01-04,2023-01-04,Underhill Ave & Pacific St,Monroe St & Classon Ave,40.6804836,-73.9646795,member,0.28,04:58,3.3824708815564737,Wednesday,Afternoon
04F25984379E82B1,electric_bike,2023-01-10,2023-01-10,Cherry St,Fulton St & Broadway,40.71232295,-73.979452491,member,0.09,10:11,0.5295389578869434,Tuesday,Morning
DC78EE92D1ECA555,electric_bike,2023-01-08,2023-01-08,Macon St & Nostrand Ave,Monroe St & Classon Ave,40.6809833854,-73.9500479759,member,0.25,04:34,3.278115302242231,Sunday,Afternoon
539906FC85B2A5C8,classic_bike,2023-01-11,2023-01-11,W 59 St & 10 Ave,W 33 St & 10 Ave,40.770513,-73.988038,member,1.16,21:51,3.1850655813850612,Wednesday,Morning
A0281795AE2E2B9C,classic_bike,2023-01-25,2023-01-25,Clermont Ave & Lafayette Ave,Monroe St & Classon Ave,40.68764484,-73.96968902,member,0.21,06:38,1.8982288219431234,Wednesday,Morning
B2C08250D89AD721,classic_bike,2023-01-17,2023-01-17,Clermont Ave & Lafayette Ave,Monroe St & Classon Ave,40.68764484,-73.96968902,member,0.21,07:59,1.5756729436530184,Tuesday,Morning
1D9C0F7627084F76,electric_bike,2023-01-13,2023-01-13,Court St & State St,Van Brunt St & Wolcott St,40.690097451,-73.992264748,member,0.88,11:42,4.506407548232644,Friday,Morning
358B99FE53083014,classic_bike,2023-01-03,2023-01-03,46 St & Queens Blvd,48 Ave & 41 St,40.74349759836971,-73.91860529780388,member,0.25,03:44,4.0147922791083595,Tuesday,Evening
21D1D71F2D956E24,classic_bike,2023-01-03,2023-01-03,46 St & Queens Blvd,48 Ave & 41 St,40.74349759836971,-73.91860529780388,member,0.25,04:27,3.369625447411379,Tuesday,Evening
6EE5A844AB27401B,classic_bike,2023-01-01,2023-01-01,Macon St & Nostrand Ave,Bedford Ave & S 9 St,40.6809833854,-73.9500479759,member,1.9,19:41,5.788060517388298,Sunday,Night
734BB1052D37779D,classic_bike,2023-01-09,2023-01-09,Broadway & W 41 St,W 33 St & 10 Ave,40.75513557,-73.98658032,member,0.09,08:14,0.6553954826259512,Monday,Afternoon
C569681BDFE3741B,electric_bike,2023-01-14,2023-01-14,Underhill Ave & Pacific St,Devoe St & Lorimer St,40.680498958,-73.964687347,casual,2.27,18:00,7.564873511463949,Saturday,Afternoon
7FE231A15A022F52,electric_bike,2023-01-03,2023-01-03,Macon St & Nostrand Ave,Monroe St & Classon Ave,40.680931449,-73.949875951,casual,0.25,03:54,3.8448393711551603,Tuesday,Afternoon
1855F8EDE9C3F888,classic_bike,2023-01-31,2023-01-31,Court St & State St,Van Brunt St & Wolcott St,40.6902375,-73.99203074,casual,0.89,10:26,5.117581383759505,Tuesday,Afternoon
5A044D83F0F9E0A1,electric_bike,2023-01-13,2023-01-13,Cherry St,West Thames St,40.71219906,-73.97948148,casual,0.27,17:13,0.9405389714064543,Friday,Evening
1003494123746FF7,electric_bike,2023-01-24,2023-01-24,W 59 St & 10 Ave,West Thames St,40.770513,-73.988038,casual,4.3,44:46,5.762000352122244,Tuesday,Afternoon
3123750AE8FBAD0C,classic_bike,2023-01-24,2023-01-24,Macon St & Nostrand Ave,Monroe St & Classon Ave,40.6809833854,-73.9500479759,casual,0.25,07:36,1.972317429149975,Tuesday,Afternoon
A3C9A16006A1A852,electric_bike,2023-01-10,2023-01-10,Prospect Pl & Nostrand Ave,Fulton St & Broadway,40.67428,-73.9503,member,2.54,25:50,5.897908899753608,Tuesday,Morning
948A833435E09C4C,classic_bike,2023-01-26,2023-01-26,Prospect Pl & Nostrand Ave,Fulton St & Broadway,40.67428,-73.9503,member,2.54,28:35,5.329121633238239,Thursday,Morning
8497CBC52C81DA4D,electric_bike,2023-01-05,2023-01-05,W 54 St & 11 Ave,W 33 St & 10 Ave,40.767984033,-73.992161036,member,0.98,08:17,7.090673392891238,Thursday,Night
9E959820729F18BF,classic_bike,2023-01-16,2023-01-16,W 111 St & 5 Ave,W 104 St & Amsterdam Ave,40.79752078124756,-73.9489397406578,member,0.11,15:09,0.43532892068109186,Monday,Afternoon
B5690A49A7B70469,electric_bike,2023-01-15,2023-01-15,Clermont Ave & Lafayette Ave,Putnam Ave & Nostrand Ave,40.687620163,-73.969657421,member,0.25,08:00,1.8748984430010043,Sunday,Evening
2E85F4525232D0B4,classic_bike,2023-01-05,2023-01-05,Broadway & W 41 St,W 33 St & 10 Ave,40.75513557,-73.98658032,member,0.09,06:36,0.8179029876178575,Thursday,Evening
6D0AD76F34E5F8CE,electric_bike,2023-01-31,2023-01-31,W 111 St & 5 Ave,2 Ave & E 125 St,40.797762394,-73.949086428,member,0.33,06:35,3.0005228183698676,Tuesday,Afternoon
25DFBFB61340B695,electric_bike,2023-01-24,2023-01-24,W 111 St & 5 Ave,2 Ave & E 125 St,40.797544122,-73.949030757,member,0.35,07:43,2.717842636911323,Tuesday,Afternoon
6F9753EA4711E2DA,classic_bike,2023-01-10,2023-01-10,W 111 St & 5 Ave,2 Ave & E 125 St,40.79752078124756,-73.9489397406578,member,0.35,12:54,1.6276567297792714,Tuesday,Afternoon
E6B11FB08E658AC8,classic_bike,2023-01-13,2023-01-13,W 111 St & 5 Ave,2 Ave & E 125 St,40.79752078124756,-73.9489397406578,member,0.35,13:55,1.5077758152759229,Friday,Afternoon
94F2374ED95CA54A,electric_bike,2023-01-30,2023-01-30,W 111 St & 5 Ave,2 Ave & E 125 St,40.79752078124756,-73.9489397406578,member,0.35,07:51,2.6747901032766177,Monday,Afternoon
AD1D914BA466809C,classic_bike,2023-01-13,2023-01-13,Broadway & W 41 St,W 33 St & 10 Ave,40.75513557,-73.98658032,member,0.09,06:50,0.7888374629623769,Friday,Evening
326CC1976314278D,electric_bike,2023-01-04,2023-01-04,W 111 St & 5 Ave,2 Ave & E 125 St,40.797699928,-73.948904037,member,0.34,09:16,2.1993225942663086,Wednesday,Afternoon
B0039DD667C4FC89,electric_bike,2023-01-08,2023-01-08,Cherry St,Broadway & Morris St,40.712237,-73.979091763,member,0.43,09:17,2.7751633635410227,Sunday,Afternoon
3DF97CE422BFEC82,electric_bike,2023-01-14,2023-01-14,W 106 St & Central Park West,W 104 St & Amsterdam Ave,40.7981856,-73.9605909006,member,0.06,02:28,1.4547805705972683,Saturday,Morning
6FAAC6195005F54A,classic_bike,2023-01-07,2023-01-07,Broadway & W 61 St,W 104 St & Amsterdam Ave,40.77003010255044,-73.9819684624672,member,2.0,21:01,5.707834954781263,Saturday,Evening
FD2D1BDF81FB5203,electric_bike,2023-01-10,2023-01-10,Broadway & W 61 St,W 104 St & Amsterdam Ave,40.770026922,-73.982188702,member,2.0,15:40,7.652882266783727,Tuesday,Evening
CB72E1050F6616C4,electric_bike,2023-01-18,2023-01-18,E 72 St & Park Ave,W 33 St & 10 Ave,40.77118287540658,-73.96409422159195,member,1.2,21:45,3.308286338309037,Wednesday,Afternoon
8094837216D618DB,electric_bike,2023-01-23,2023-01-23,Delancey St & Eldridge St,Fulton St & Broadway,40.719505548,-73.991508245,member,0.58,06:27,5.391712565943898,Monday,Morning
2BFC67AD0A9EF89B,classic_bike,2023-01-23,2023-01-23,Underhill Ave & Pacific St,Fulton St & Irving Pl,40.6804836,-73.9646795,member,0.1,07:14,0.8280563906402026,Monday,Evening
8ACB2479D5879FD6,classic_bike,2023-01-03,2023-01-03,Underhill Ave & Pacific St,Monroe St & Classon Ave,40.6804836,-73.9646795,member,0.28,13:39,1.2303741289427206,Tuesday,Evening
E16E9CB609CE4154,electric_bike,2023-01-17,2023-01-17,Prospect Pl & Nostrand Ave,Devoe St & Lorimer St,40.674236774,-73.950449705,member,2.7,14:51,10.906801827225935,Tuesday,Afternoon
2A80DAB1D4C83662,electric_bike,2023-01-04,2023-01-04,W 59 St & 10 Ave,West Thames St,40.770724416,-73.987670541,member,4.31,24:07,10.717201536712423,Wednesday,Morning
6AD2C6A72AFD5102,classic_bike,2023-01-28,2023-01-28,Court St & State St,Van Brunt St & Wolcott St,40.6902375,-73.99203074,member,0.89,14:42,3.6310392659951582,Saturday,Evening
34DA2C020556F906,classic_bike,2023-01-18,2023-01-18,Broadway & W 41 St,Fulton St & Broadway,40.75513557,-73.98658032,member,3.04,26:41,6.834028767364516,Wednesday,Evening
7A0CDB091BF1F924,electric_bike,2023-01-07,2023-01-07,President St & 4 Ave,Fulton St & Irving Pl,40.676757,-73.983262,member,0.35,12:06,1.7331809234553026,Saturday,Evening
8E312D1D2186213D,electric_bike,2023-01-14,2023-01-14,Prospect Pl & Nostrand Ave,Putnam Ave & Nostrand Ave,40.674419284,-73.950250387,member,0.66,06:34,6.029232643118149,Saturday,Night
6B28AC6233FDE201,electric_bike,2023-01-22,2023-01-22,Macon St & Nostrand Ave,Putnam Ave & Nostrand Ave,40.681001544,-73.949995279,member,0.21,01:39,7.570902099022592,Sunday,Morning
885ADF9A16C56076,electric_bike,2023-01-27,2023-01-27,46 St & Queens Blvd,Broadway & Whipple St,40.743693113,-73.918718219,member,2.9,17:24,9.997213420397188,Friday,Morning
CF73BC850161029B,electric_bike,2023-01-07,2023-01-07,W 106 St & Central Park West,W 104 St & Amsterdam Ave,40.7981856,-73.9605909006,member,0.06,11:14,0.3201949631553434,Saturday,Morning
554B3BDDFE95C9FA,electric_bike,2023-01-21,2023-01-21,Macon St & Nostrand Ave,Monroe St & Classon Ave,40.6809833854,-73.9500479759,member,0.25,03:44,4.014434120905835,Saturday,Afternoon
62FC21ADEADBDB89,electric_bike,2023-01-27,2023-01-27,46 St & Queens Blvd,Wilson Ave & Moffat St,40.743579268,-73.918593645,member,3.77,30:14,7.479812442545651,Friday,Evening
D4B8AB84A1617E59,electric_bike,2023-01-03,2023-01-03,W 59 St & 10 Ave,W 104 St & Amsterdam Ave,40.770834088,-73.988314271,member,1.95,14:52,7.86752081194608,Tuesday,Night
3814D94D0ECDC0A4,classic_bike,2023-01-06,2023-01-06,Court St & State St,Fulton St & Broadway,40.6902375,-73.99203074,member,1.44,18:34,4.649615088287975,Friday,Morning
A0DF12FD145D028E,classic_bike,2023-01-08,2023-01-08,Underhill Ave & Pacific St,Monroe St & Classon Ave,40.6804836,-73.9646795,member,0.28,04:05,4.104418357499726,Sunday,Afternoon
A8BF208BBC247E05,classic_bike,2023-01-21,2023-01-21,Broadway & W 61 St,W 104 St & Amsterdam Ave,40.77003010255044,-73.9819684624672,member,2.0,15:11,7.901095838097769,Saturday,Night
111B5DF475138495,electric_bike,2023-01-14,2023-01-14,Cherry St,Fulton St & Broadway,40.712225795,-73.979251623,member,0.08,09:54,0.48415404167759374,Saturday,Evening
CE50BBDF2FC6C12E,electric_bike,2023-01-10,2023-01-10,Broadway & W 41 St,W 33 St & 10 Ave,40.754906178,-73.986460805,member,0.08,06:36,0.7255285273786252,Tuesday,Afternoon
F2B0C68336D306F0,classic_bike,2023-01-02,2023-01-02,Broadway & W 61 St,W 33 St & 10 Ave,40.77003,-73.981968,casual,1.12,19:07,3.5137438627130084,Monday,Afternoon
DB5AABCAA044C55A,electric_bike,2023-01-26,2023-01-26,W 59 St & 10 Ave,W 33 St & 10 Ave,40.770457506,-73.987818718,member,1.15,10:53,6.336767024321552,Thursday,Afternoon
6E3A818626A5B493,electric_bike,2023-01-03,2023-01-03,W 111 St & 5 Ave,2 Ave & E 125 St,40.797778368,-73.948961496,member,0.33,08:13,2.405725139827711,Tuesday,Afternoon
365F08092F92CB70,electric_bike,2023-01-25,2023-01-25,W 111 St & 5 Ave,2 Ave & E 125 St,40.797723413,-73.949118853,member,0.33,07:29,2.6447134671124983,Wednesday,Afternoon
30C0CF23C81560D4,classic_bike,2023-01-04,2023-01-04,36 St & 4 Ave,5 Ave & 37 St,40.654144,-74.00422,member,0.1,01:29,4.043353737294323,Wednesday,Morning
2FCE235B65AFCEE8,classic_bike,2023-01-04,2023-01-04,36 St & 4 Ave,5 Ave & 37 St,40.654144,-74.00422,member,0.1,01:57,3.066909747661481,Wednesday,Morning
A7B1FF1BE121C851,electric_bike,2023-01-08,2023-01-08,Wadsworth Ave & W 179 St,2 Ave & E 125 St,40.848467,-73.936064,member,3.17,24:41,7.704652294821099,Sunday,Afternoon
F28C607004E22CE8,classic_bike,2023-01-31,2023-01-31,W 50 St & 9 Ave,W 33 St & 10 Ave,40.76360467795863,-73.98917958140373,member,0.68,06:57,5.859964093357272,Tuesday,Morning
72A681B2573CC4E4,electric_bike,2023-01-21,2023-01-21,31 Ave & Crescent St,W 33 St & 10 Ave,40.765792966,-73.926744461,casual,0.83,25:20,1.965192158699132,Saturday,Morning
2A6151732A3801D3,electric_bike,2023-01-24,2023-01-24,5 St & 51 Ave,48 Ave & 41 St,40.742378592,-73.956852913,member,0.17,10:11,1.0002075594118387,Tuesday,Evening
A6B1DF2650172EF1,electric_bike,2023-01-11,2023-01-11,W 50 St & 9 Ave,W 33 St & 10 Ave,40.76358664,-73.989499211,member,0.68,05:28,7.457094292032972,Wednesday,Evening
471781E2372ED7AE,electric_bike,2023-01-05,2023-01-05,W 106 St & Amsterdam Ave,W 104 St & Amsterdam Ave,40.8008363,-73.9664492472,member,0.12,01:05,6.634517922412998,Thursday,Morning
6A7AC00981957A9A,electric_bike,2023-01-22,2023-01-22,W 50 St & 9 Ave,2 Ave & E 125 St,40.76360467795863,-73.98917958140373,member,2.69,31:46,5.079355754741178,Sunday,Morning
2FFA276B67D61165,electric_bike,2023-01-23,2023-01-23,Putnam Ave & Ralph Ave,Wilson Ave & Moffat St,40.68705,-73.92338,member,0.14,06:32,1.2841582266386393,Monday,Morning
608BC3727EF8CFE0,classic_bike,2023-01-20,2023-01-20,Putnam Ave & Ralph Ave,Wilson Ave & Moffat St,40.68705,-73.92338,member,0.14,06:17,1.3336296954878863,Friday,Afternoon
F4ED103B40F57432,electric_bike,2023-01-02,2023-01-02,Hancock St & Bedford Ave,Fulton St & Irving Pl,40.682147741,-73.954174042,member,0.02,01:38,0.7280743444802863,Monday,Morning
389493AD88A747FA,electric_bike,2023-01-23,2023-01-23,Hancock St & Bedford Ave,Fulton St & Irving Pl,40.68216564,-73.95399026,member,0.02,01:58,0.6071747820073873,Monday,Night
50B618ACAFA41AC6,classic_bike,2023-01-24,2023-01-24,Centre St & Chambers St,Fulton St & Broadway,40.71273266,-74.0046073,member,0.12,03:10,2.2718786648505658,Tuesday,Afternoon
1BDDE24741739926,classic_bike,2023-01-07,2023-01-07,6 Ave & 9 St,3 Ave & 17 St,40.668127,-73.98377641,member,0.14,08:13,1.0219496122066205,Saturday,Evening
D7F1C97A6D8FF4CD,classic_bike,2023-01-02,2023-01-02,Carroll St & Bond St,Fulton St & Irving Pl,40.6786115,-73.99037292,member,0.22,19:32,0.6752988965002122,Monday,Night
5920977D297C6726,electric_bike,2023-01-24,2023-01-24,Stanton St & Chrystie St,Nassau Ave & Russell St,40.722269893,-73.991456628,member,0.23,19:32,0.7063460242443889,Tuesday,Morning
8E24C29675A0AC83,classic_bike,2023-01-04,2023-01-04,W 20 St & 8 Ave,W 33 St & 10 Ave,40.74345335,-74.00004031,member,0.71,08:43,4.886684740007724,Wednesday,Afternoon
3E3DB2726A39D1B0,electric_bike,2023-01-30,2023-01-30,W 20 St & 8 Ave,W 33 St & 10 Ave,40.743523002,-74.000152826,member,0.71,04:19,9.867392437315418,Monday,Night
7E9F13DAA12E9E15,electric_bike,2023-01-26,2023-01-26,W 36 St & 9 Ave,W 33 St & 10 Ave,40.75462324029105,-73.99516761302948,member,0.06,02:44,1.3169687768652483,Thursday,Afternoon
0D2DBAF5F2CEA4C1,classic_bike,2023-01-28,2023-01-28,Graham Ave & Withers St,Nassau Ave & Russell St,40.7169811,-73.94485918,member,0.59,05:56,5.9583588143875845,Saturday,Morning
4E77B0E6C7E2D525,electric_bike,2023-01-31,2023-01-31,W 36 St & 9 Ave,W 33 St & 10 Ave,40.754582882,-73.995280862,casual,0.06,02:30,1.4304919965297322,Tuesday,Afternoon
21758259E9863B14,classic_bike,2023-01-30,2023-01-31,Pier 40 - Hudson River Park,Broadway & Morris St,40.7277140777778,-74.01129573583603,casual,1.5,19:55,4.515303114806598,Monday,Night
36F3F7C7AC1EDE19,classic_bike,2023-01-03,2023-01-03,E 47 St & 1 Ave,Fulton St & Broadway,40.75206862,-73.96784384,member,2.83,24:41,6.87910320477891,Tuesday,Morning
F5DC21B012D9B29B,electric_bike,2023-01-05,2023-01-06,E 47 St & 1 Ave,Longwood Ave & Southern Blvd,40.752160907,-73.967882514,member,4.43,32:03,8.289261331593844,Thursday,Night
849977878F1B0850,classic_bike,2023-01-22,2023-01-22,Pier 40 - Hudson River Park,West Thames St,40.7277140777778,-74.01129573583603,member,1.34,13:15,6.06553646174525,Sunday,Morning
5F64521B5951A7F6,electric_bike,2023-01-27,2023-01-27,3 Ave & E 71 St,W 33 St & 10 Ave,40.768571615,-73.961438179,member,1.02,12:55,4.734283198322888,Friday,Morning
C86A377D33A9BE55,electric_bike,2023-01-17,2023-01-17,Berkeley Pl & 7 Ave,Fulton St & Irving Pl,40.675425172,-73.975382566,member,0.44,09:40,2.726897121608594,Tuesday,Evening
CC74BC11B5E53C7A,electric_bike,2023-01-21,2023-01-21,Broadway & W 29 St,Fulton St & Broadway,40.746441126,-73.988660693,member,2.44,26:51,5.451695027810844,Saturday,Evening
38CEB66B5B873CBA,classic_bike,2023-01-24,2023-01-24,Pier 40 - Hudson River Park,West Thames St,40.7277140777778,-74.01129573583603,member,1.34,16:30,4.871280649988791,Tuesday,Evening
53E02789D5395E43,electric_bike,2023-01-01,2023-01-01,Berkeley Pl & 7 Ave,Fulton St & Irving Pl,40.675189495,-73.975218773,member,0.46,08:50,3.1237031727468216,Sunday,Afternoon
921B39E8718A4280,classic_bike,2023-01-14,2023-01-14,Metropolitan Ave & Vandervoort Ave,Devoe St & Lorimer St,40.71429,-73.93323,member,0.06,08:24,0.42780240282349585,Saturday,Evening
68D908D085B8B192,electric_bike,2023-01-06,2023-01-06,W Fordham Rd & Loring Pl N,W 160 St & St. Nicholas Ave,40.862880707,-73.90713048,member,1.96,26:21,4.462498505859876,Friday,Evening
261DDE091780FA19,electric_bike,2023-01-08,2023-01-08,Manhattan Av & Leonard St,Devoe St & Lorimer St,40.72084,-73.94844,member,0.52,04:48,6.483476140669268,Sunday,Morning
BC1B15D552AD2DAA,electric_bike,2023-01-04,2023-01-04,12 St & 4 Ave,Fulton St & Irving Pl,40.66868186,-73.990508437,member,0.91,25:45,2.119136070399822,Wednesday,Afternoon
E8C5F3FD8E9E2F5E,electric_bike,2023-01-10,2023-01-10,12 St & 4 Ave,Fulton St & Irving Pl,40.668624401,-73.990641117,member,0.91,12:15,4.452799106178055,Tuesday,Evening
4505CF616CF100D2,electric_bike,2023-01-28,2023-01-28,E 123 St & Lexington Ave,2 Ave & E 125 St,40.802925229,-73.937835574,member,0.03,29:08,0.061777475246108875,Saturday,Afternoon
90EAB1ECF7BD3264,classic_bike,2023-01-25,2023-01-25,Van Sinderen Ave & Truxton St,Wilson Ave & Moffat St,40.6786,-73.90369,member,0.72,20:29,2.1085273335752066,Wednesday,Morning
79B8D23DA3CC58D9,classic_bike,2023-01-14,2023-01-14,Graham Ave & Withers St,Devoe St & Lorimer St,40.7169811,-73.94485918,member,0.25,04:12,3.564695258163152,Saturday,Afternoon
71C55A8E3160B897,classic_bike,2023-01-07,2023-01-07,12 St & 4 Ave,Van Brunt St & Wolcott St,40.668603,-73.9904394,member,0.6,17:36,2.0437378830470996,Saturday,Afternoon
F24FEF53D983C7DA,classic_bike,2023-01-26,2023-01-26,E 123 St & Lexington Ave,W 33 St & 10 Ave,40.8029263,-73.9379,member,3.4,59:14,3.4433827972646487,Thursday,Morning
6BAC1EF93537BFBF,electric_bike,2023-01-17,2023-01-17,W 44 St & 5 Ave,W 33 St & 10 Ave,40.75500254,-73.98014437,member,0.08,11:19,0.42404949599950525,Tuesday,Morning
E693FC745C9C8688,classic_bike,2023-01-06,2023-01-06,W 36 St & 9 Ave,W 33 St & 10 Ave,40.75462324029105,-73.99516761302948,member,0.06,02:49,1.277955271565495,Friday,Afternoon
78C5B08D4F59E916,electric_bike,2023-01-20,2023-01-20,Berkeley Pl & 7 Ave,Van Brunt St & Wolcott St,40.675109148,-73.975260854,member,0.15,16:42,0.5384825561567503,Friday,Morning
BEF072F4099441C8,classic_bike,2023-01-12,2023-01-12,Pier 40 - Hudson River Park,West Thames St,40.7277140777778,-74.01129573583603,member,1.34,13:04,6.146037181996087,Thursday,Afternoon
9C5620BBFF5DED6C,electric_bike,2023-01-04,2023-01-04,Graham Ave & Withers St,Nassau Ave & Russell St,40.716912985,-73.94484973,member,0.6,04:37,7.79136457093388,Wednesday,Afternoon
A101B9BBA2EEE86C,electric_bike,2023-01-08,2023-01-08,Riverside Dr & W 104 St,W 104 St & Amsterdam Ave,40.8013434,-73.9711457439,member,0.16,60:12,0.15945665146014953,Sunday,Morning
3259F790DCA1C6F8,classic_bike,2023-01-30,2023-01-30,Broadway & W 29 St,48 Ave & 41 St,40.7462009,-73.98855723,member,0.44,40:53,0.6456235769991711,Monday,Evening
97AA9BC567D9C286,classic_bike,2023-01-17,2023-01-17,Manhattan Av & Leonard St,Nassau Ave & Russell St,40.72084,-73.94844,member,0.33,11:25,1.732356719662978,Tuesday,Afternoon
9B0F9AD07954DF7C,electric_bike,2023-01-27,2023-01-27,Front St & Gold St,Broadway & Morris St,40.70224,-73.982578,member,0.26,15:45,0.9902687056045401,Friday,Morning
9ECE08F02942EFDF,electric_bike,2023-01-04,2023-01-04,Front St & Gold St,Broadway & Morris St,40.702259302,-73.982387185,member,0.25,14:42,1.0194580560973787,Wednesday,Morning
904D64E2B7C4B7CE,electric_bike,2023-01-24,2023-01-24,Riverside Dr & W 104 St,W 104 St & Amsterdam Ave,40.801255584,-73.971221924,member,0.15,23:53,0.37669144924361747,Tuesday,Morning
12C2047534B83805,classic_bike,2023-01-12,2023-01-12,Broadway & W 29 St,W 33 St & 10 Ave,40.7462009,-73.98855723,member,0.52,07:36,4.101449529384958,Thursday,Evening
02677F92F15EECB1,electric_bike,2023-01-09,2023-01-09,Front St & Gold St,Broadway & Morris St,40.702327728,-73.982555389,member,0.25,13:55,1.0770755245357804,Monday,Morning
8FBC50C1CD2722E3,classic_bike,2023-01-13,2023-01-13,Riverside Dr & W 104 St,Fulton St & Broadway,40.8013434,-73.9711457439,member,6.24,49:26,7.572470913034905,Friday,Morning
41F3263959D068D8,classic_bike,2023-01-26,2023-01-26,Pier 40 - Hudson River Park,Fulton St & Irving Pl,40.7277140777778,-74.01129573583603,member,3.17,33:29,5.678013073560421,Thursday,Evening
DD1F275E4A0CF7BB,electric_bike,2023-01-10,2023-01-10,W 36 St & 9 Ave,Fulton St & Irving Pl,40.754523873,-73.995016694,member,5.02,31:57,9.426187609925245,Tuesday,Night
55E5C9C0A08B7179,electric_bike,2023-01-22,2023-01-22,Pier 40 - Hudson River Park,Fulton St & Irving Pl,40.728074074,-74.011132121,member,3.19,24:10,7.917428200908533,Sunday,Evening
5BB4803971CD0E7B,electric_bike,2023-01-03,2023-01-03,Graham Ave & Withers St,Nassau Ave & Russell St,40.7169811,-73.94485918,member,0.59,04:39,7.596213337720348,Tuesday,Morning
936A7BC1C1BDC24A,classic_bike,2023-01-27,2023-01-27,W 36 St & 9 Ave,W 33 St & 10 Ave,40.75462324029105,-73.99516761302948,member,0.06,02:06,1.711175720317835,Friday,Morning
6A316FEEBE268CF5,classic_bike,2023-01-14,2023-01-14,Riverside Dr & W 104 St,W 104 St & Amsterdam Ave,40.8013434,-73.9711457439,member,0.16,02:12,4.349730407334129,Saturday,Evening
B8661FDAA4C59050,electric_bike,2023-01-05,2023-01-05,Riverside Dr & W 104 St,W 104 St & Amsterdam Ave,40.8013434,-73.9711457439,member,0.16,03:20,2.869769272543383,Thursday,Morning
C26896B044EBFC13,electric_bike,2023-01-04,2023-01-04,E 9 St & Avenue C,Nassau Ave & Russell St,40.72521311,-73.97768752,member,0.02,18:58,0.0632258347785998,Wednesday,Morning
AA18BF6AD117BCC6,classic_bike,2023-01-01,2023-01-01,W 36 St & 9 Ave,W 33 St & 10 Ave,40.75462324029105,-73.99516761302948,member,0.06,03:17,1.0911184974894172,Sunday,Night
E4F2D5A9CA8B7C01,classic_bike,2023-01-31,2023-01-31,Pier 40 - Hudson River Park,West Thames St,40.7277140777778,-74.01129573583603,member,1.34,10:35,7.59052694684271,Tuesday,Night
D1B875CF4008BFEB,electric_bike,2023-01-17,2023-01-17,W 44 St & 5 Ave,W 33 St & 10 Ave,40.754627109,-73.980419636,member,0.06,11:39,0.3089328800410766,Tuesday,Evening
E050B3384B724D88,classic_bike,2023-01-27,2023-01-27,W 36 St & 9 Ave,W 33 St & 10 Ave,40.75462324029105,-73.99516761302948,member,0.06,02:27,1.4688182133458454,Friday,Morning
771DD0543A279CE7,classic_bike,2023-01-15,2023-01-15,Broadway & W 29 St,W 33 St & 10 Ave,40.7462009,-73.98855723,member,0.52,07:18,4.271739204844956,Sunday,Afternoon
068B5F4D3CC5B20C,classic_bike,2023-01-18,2023-01-18,W 36 St & 9 Ave,W 33 St & 10 Ave,40.75462324029105,-73.99516761302948,member,0.06,03:01,1.1879423847943376,Wednesday,Afternoon
824FF9A4900B2C47,electric_bike,2023-01-15,2023-01-15,Cumberland St & Lafayette Ave,Fulton St & Irving Pl,40.68753406,-73.97265183,member,0.39,07:39,3.0571584104518235,Sunday,Afternoon
777086A3B22EC5F7,classic_bike,2023-01-28,2023-01-28,W 44 St & 5 Ave,Devoe St & Lorimer St,40.75500254,-73.98014437,member,2.88,45:01,3.838520037274517,Saturday,Afternoon
24A0394200872323,classic_bike,2023-01-10,2023-01-10,Pier 40 - Hudson River Park,West Thames St,40.7277140777778,-74.01129573583603,member,1.34,14:57,5.372553867537145,Tuesday,Evening
89A889AB97783189,classic_bike,2023-01-09,2023-01-09,W 44 St & 5 Ave,W 33 St & 10 Ave,40.75500254,-73.98014437,member,0.08,12:56,0.3707370071482729,Monday,Morning
C37EA90EE78C0A25,classic_bike,2023-01-17,2023-01-17,Front St & Gold St,Fulton St & Broadway,40.70224,-73.982578,member,0.61,28:05,1.3025204601289946,Tuesday,Morning
1E8C7D7192FD8991,electric_bike,2023-01-25,2023-01-25,Cumberland St & Lafayette Ave,Putnam Ave & Nostrand Ave,40.68753406,-73.97265183,member,0.24,08:27,1.7037891560919336,Wednesday,Evening
E91C67476FA74462,electric_bike,2023-01-17,2023-01-17,Broadway & W 29 St,W 33 St & 10 Ave,40.746206999,-73.988740325,member,0.52,05:18,5.870141924478367,Tuesday,Morning
FD26C6729BFAED7B,classic_bike,2023-01-04,2023-01-04,W 36 St & 9 Ave,W 33 St & 10 Ave,40.75462324029105,-73.99516761302948,member,0.06,01:58,1.8183654914637841,Wednesday,Evening
B74D1BCF98B37773,classic_bike,2023-01-13,2023-01-13,W 36 St & 9 Ave,W 33 St & 10 Ave,40.754623,-73.995168,casual,0.06,11:07,0.32381380706094,Friday,Morning
329D82E012C8ED4D,classic_bike,2023-01-02,2023-01-02,Berkeley Pl & 7 Ave,3 Ave & 17 St,40.675146838709786,-73.97523209452629,member,0.62,19:00,1.9566366538006703,Monday,Evening
49546A8DE5EE09EB,electric_bike,2023-01-31,2023-01-31,Berkeley Pl & 7 Ave,Monroe St & Classon Ave,40.675146838709786,-73.97523209452629,casual,0.65,10:44,3.6322600574021275,Tuesday,Evening
5C03C04E12379371,electric_bike,2023-01-02,2023-01-02,W 36 St & 9 Ave,W 33 St & 10 Ave,40.75451231,-73.995156646,casual,0.05,04:37,0.6496201526607359,Monday,Afternoon
1ED25FEDE5B42132,classic_bike,2023-01-27,2023-01-27,Broadway & W 29 St,W 33 St & 10 Ave,40.7462009,-73.98855723,member,0.52,07:28,4.177545691906006,Friday,Morning
3B864A4811895E5C,classic_bike,2023-01-11,2023-01-11,Graham Ave & Withers St,Nassau Ave & Russell St,40.7169811,-73.94485918,member,0.59,11:20,3.1197719217589404,Wednesday,Night
DC462098998A0BBB,classic_bike,2023-01-19,2023-01-19,W 36 St & 9 Ave,W 33 St & 10 Ave,40.75462324029105,-73.99516761302948,member,0.06,04:30,0.7982822149374863,Thursday,Afternoon
FA287E0C33CE7654,electric_bike,2023-01-17,2023-01-17,W 44 St & 5 Ave,Fulton St & Broadway,40.754743814,-73.980514765,member,3.02,17:06,10.593517609092185,Tuesday,Morning
F84BA7FE6A8FDBBC,classic_bike,2023-01-17,2023-01-17,30 St & 4 Ave,46 St & 6 Ave,40.657743,-74.001141,member,0.82,10:47,4.562039565493549,Tuesday,Afternoon
C4A9783EF905D19C,classic_bike,2023-01-31,2023-01-31,Berkeley Pl & 7 Ave,Monroe St & Classon Ave,40.675146838709786,-73.97523209452629,member,0.65,16:30,2.362023507180955,Tuesday,Night
31E6104FF538A92D,classic_bike,2023-01-16,2023-01-16,30 St & 4 Ave,46 St & 6 Ave,40.657743,-74.001141,member,0.82,08:38,5.694147874242661,Monday,Afternoon
1F154F7A2A71ED52,electric_bike,2023-01-29,2023-01-29,3 Ave & E 71 St,Longwood Ave & Southern Blvd,40.76851356,-73.96141088,member,3.3,22:50,8.670362031404519,Sunday,Afternoon
6BA42F12D46E37D9,classic_bike,2023-01-21,2023-01-21,12 St & 4 Ave,3 Ave & 17 St,40.668603,-73.9904394,member,0.17,18:07,0.5628300418811767,Saturday,Morning
DC1FCD1FF857496D,classic_bike,2023-01-03,2023-01-03,Park Ave & St Edwards St,Fulton St & Broadway,40.69608941,-73.97803415,member,1.03,23:39,2.61139817554258,Tuesday,Morning
CA8B386CF2794BEC,electric_bike,2023-01-03,2023-01-03,Broadway & W 29 St,W 33 St & 10 Ave,40.74608171,-73.988417387,member,0.53,12:06,2.6251847122891117,Tuesday,Evening
3EE2E75ACCE78A92,electric_bike,2023-01-10,2023-01-10,3 Ave & E 71 St,W 33 St & 10 Ave,40.768888831,-73.961108804,member,1.04,13:11,4.7275234292727655,Tuesday,Morning
36E1BFC5C2FD8FB1,classic_bike,2023-01-27,2023-01-27,Cumberland St & Lafayette Ave,Fulton St & Irving Pl,40.68753406,-73.97265183,member,0.39,06:00,3.897531563343216,Friday,Morning
5FEFFED599AFCE13,classic_bike,2023-01-20,2023-01-20,Van Sinderen Ave & Truxton St,Wilson Ave & Moffat St,40.6786,-73.90369,member,0.72,16:32,2.6102771606790744,Friday,Afternoon
970A7E6C1BE5CF55,classic_bike,2023-01-31,2023-01-31,E 9 St & Avenue C,Bedford Ave & S 9 St,40.72521311,-73.97768752,member,1.15,16:42,4.130442156849051,Tuesday,Morning
42A19045FF7FB1D4,classic_bike,2023-01-31,2023-01-31,Pier 40 - Hudson River Park,W 33 St & 10 Ave,40.7277140777778,-74.01129573583603,member,1.8,21:20,5.061499562977006,Tuesday,Evening
4B80CD5D8502E223,electric_bike,2023-01-26,2023-01-26,Berkeley Pl & 7 Ave,W 33 St & 10 Ave,40.675146838709786,-73.97523209452629,member,5.43,36:09,9.008348897942705,Thursday,Morning
42596648965FFA5D,electric_bike,2023-01-07,2023-01-07,Congress St & Clinton St,3 Ave & 17 St,40.688138843,-73.995523572,casual,1.52,12:00,7.597467510829723,Saturday,Afternoon
5E85F587E20C5E7F,classic_bike,2023-01-22,2023-01-22,Jay St & York St,Fulton St & Broadway,40.70140317257725,-73.98672670125961,casual,0.67,108:17,0.3712376975567111,Sunday,Afternoon
64869203E434CF30,electric_bike,2023-01-22,2023-01-22,Norfolk St & Broome St,Devoe St & Lorimer St,40.717295289,-73.988007069,casual,0.27,16:51,0.9612883637625934,Sunday,Night
2AE06EBECBB40E81,electric_bike,2023-01-04,2023-01-04,Borden Ave & Review Ave,Broadway & Whipple St,40.738670468,-73.941221595,casual,2.56,16:03,9.569517100735366,Wednesday,Afternoon
740FE2BFE21540D1,electric_bike,2023-01-04,2023-01-04,51 St & 43 Ave,Nassau Ave & Russell St,40.744572043,-73.914027333,casual,1.31,11:27,6.859347023907355,Wednesday,Morning
B836170E8F2C14FC,electric_bike,2023-01-04,2023-01-04,Water St & Gouverneur Ln,Broadway & Morris St,40.70469667894968,-74.00803416967392,casual,0.09,04:19,1.2484298297665744,Wednesday,Afternoon
BED10F2EC21B3C42,classic_bike,2023-01-04,2023-01-04,W 56 St & 8 Ave,West Thames St,40.765959181657976,-73.98313522338867,casual,3.98,68:10,3.502621832716072,Wednesday,Morning
7B61088A59AF3865,electric_bike,2023-01-13,2023-01-13,Water St & Gouverneur Ln,Fulton St & Broadway,40.705049634,-74.007823348,member,0.42,07:38,3.2947780382996155,Friday,Morning
65841D28C62804AC,electric_bike,2023-01-07,2023-01-07,S 3 St & Bedford Ave,Fulton St & Broadway,40.712645292,-73.962722659,casual,0.11,18:14,0.36186591223106784,Saturday,Night
43353C568EA18C06,electric_bike,2023-01-07,2023-01-07,E 91 St & Park Ave,W 104 St & Amsterdam Ave,40.783622265,-73.9553684,casual,1.07,11:26,5.614251921336344,Saturday,Afternoon
8060DC112C9E954C,classic_bike,2023-01-22,2023-01-22,Jay St & York St,Fulton St & Broadway,40.70140317257725,-73.98672670125961,casual,0.67,99:45,0.40294046304073705,Sunday,Afternoon
142EE1E27572F71B,classic_bike,2023-01-28,2023-01-28,S 3 St & Bedford Ave,Nassau Ave & Russell St,40.71260486,-73.96264403,casual,0.9,10:43,5.034182722187694,Saturday,Night
D5F6533993A14E0A,electric_bike,2023-01-10,2023-01-10,Norfolk St & Broome St,West Thames St,40.7172274,-73.98802084,member,0.61,13:55,2.6289074471345386,Tuesday,Morning
14E66A8522813F97,classic_bike,2023-01-15,2023-01-15,S 3 St & Bedford Ave,Nassau Ave & Russell St,40.71260486,-73.96264403,member,0.9,11:01,4.898107274596359,Sunday,Afternoon
2386E8CD3EC31884,classic_bike,2023-01-04,2023-01-04,Water St & Gouverneur Ln,Fulton St & Irving Pl,40.70469667894968,-74.00803416967392,member,1.58,29:57,3.1638563893990788,Wednesday,Evening
3F5B9F82408A2598,electric_bike,2023-01-18,2023-01-18,Kent Ave & Division Ave,Nassau Ave & Russell St,40.706563674670925,-73.9683187007904,member,1.31,11:10,7.034343886340754,Wednesday,Evening
99CF04AB7727A572,classic_bike,2023-01-02,2023-01-02,Congress St & Clinton St,Van Brunt St & Wolcott St,40.68825516598005,-73.99545192718506,casual,0.75,14:26,3.1171170131092087,Monday,Afternoon
F10A48C7507C5DAF,electric_bike,2023-01-01,2023-01-01,Morton St & West St,Fulton St & Broadway,40.73142106543068,-74.01077985769007,casual,1.41,49:19,1.7152710827800772,Sunday,Night
D39FA46032C4BAD8,classic_bike,2023-01-05,2023-01-05,Stanton St & Norfolk St,W 33 St & 10 Ave,40.720747,-73.986274,casual,2.28,27:52,4.907189079830305,Thursday,Afternoon
F335E8E9E3DA7DDF,electric_bike,2023-01-05,2023-01-05,Borden Ave & Review Ave,Broadway & Whipple St,40.73866345465306,-73.94093804061413,casual,2.56,21:49,7.036666867728835,Thursday,Afternoon
B24D0FCA3F7766CB,classic_bike,2023-01-27,2023-01-27,Cherry St,West Thames St,40.71219906,-73.97948148,member,0.27,30:15,0.535356083396581,Friday,Morning
CE177F46C7A874EA,electric_bike,2023-01-30,2023-01-30,W 59 St & 10 Ave,W 104 St & Amsterdam Ave,40.770513,-73.988038,member,1.97,12:08,9.734417314415365,Monday,Evening
290A5FCC1B7F3D2D,electric_bike,2023-01-18,2023-01-18,Macon St & Nostrand Ave,Putnam Ave & Nostrand Ave,40.6809833854,-73.9500479759,member,0.21,02:28,5.07781277916216,Wednesday,Evening
7C9C3735B07C3FE8,electric_bike,2023-01-04,2023-01-04,E 72 St & Park Ave,W 33 St & 10 Ave,40.770860076,-73.964269638,member,1.18,18:41,3.7886422783225084,Wednesday,Afternoon
1D0AF6FDDC8D00DC,electric_bike,2023-01-09,2023-01-09,Bushwick Ave & Powers St,Devoe St & Lorimer St,40.712540627,-73.941092968,member,0.06,02:47,1.2929486412067521,Monday,Evening
A46D077151843D7B,classic_bike,2023-01-16,2023-01-16,West St & Chambers St,West Thames St,40.71754834,-74.01322069,member,0.64,05:23,7.119483095862726,Monday,Morning
0B1ACCADD5CAC633,classic_bike,2023-01-10,2023-01-10,Reade St & Broadway,Fulton St & Broadway,40.71450451,-74.00562789,member,0.24,04:49,2.986684365536981,Tuesday,Evening
DA646F664D89D9EA,classic_bike,2023-01-31,2023-01-31,William St & Pine St,West Thames St,40.70717936,-74.00887308,member,0.08,68:37,0.06993730412090994,Tuesday,Afternoon
E244CB78712D85BB,classic_bike,2023-01-26,2023-01-26,Reade St & Broadway,West Thames St,40.71450451,-74.00562789,member,0.43,54:25,0.4740387241866316,Thursday,Morning
125A8C13038A489A,classic_bike,2023-01-28,2023-01-28,Smith St & 9 St,Van Brunt St & Wolcott St,40.6746957,-73.99785768,member,0.18,09:01,1.1973525205379216,Saturday,Evening
DDAED405F0E51B64,classic_bike,2023-01-05,2023-01-05,Willoughby Ave & Walworth St,Monroe St & Classon Ave,40.69331716,-73.95381995,member,0.6,194:15,0.18531748445585253,Thursday,Afternoon
FE757BC930F50036,classic_bike,2023-01-16,2023-01-16,Devoe St & Morgan Ave,Bedford Ave & S 9 St,40.713811,-73.93515,member,0.36,37:35,0.5745607890634836,Monday,Afternoon
E07A2CA3E6084FAA,classic_bike,2023-01-11,2023-01-11,Reade St & Broadway,Broadway & Morris St,40.71450451,-74.00562789,member,0.59,05:28,6.47188053225428,Wednesday,Afternoon
6F029D2F72DC2C5C,classic_bike,2023-01-27,2023-01-27,Broadway & W 51 St,W 33 St & 10 Ave,40.76228826,-73.98336183,member,0.59,12:31,2.8268475991093567,Friday,Evening
B8EC459AA5F680EB,classic_bike,2023-01-09,2023-01-09,Smith St & 9 St,3 Ave & 17 St,40.6746957,-73.99785768,member,0.59,06:12,5.704953962847964,Monday,Evening
66FA324C4D8791B2,electric_bike,2023-01-16,2023-01-16,Driggs Ave & Lorimer St,48 Ave & 41 St,40.721791029,-73.950374484,member,1.25,15:18,4.900978453120508,Monday,Afternoon
9ABC4A4C2A3BDEE8,classic_bike,2023-01-30,2023-01-30,10 Ave & W 28 St,W 33 St & 10 Ave,40.75066386,-74.00176802,member,0.21,02:24,5.239557271271839,Monday,Morning
E9E11DB389C5BFFB,electric_bike,2023-01-21,2023-01-21,Central Ave & Starr Street,Putnam Ave & Nostrand Ave,40.699990273,-73.928364873,member,1.1,13:11,5.004391479897133,Saturday,Evening
233875BAED2E02D0,classic_bike,2023-01-12,2023-01-12,West St & Chambers St,West Thames St,40.71754834,-74.01322069,member,0.64,08:32,4.491814720441071,Thursday,Afternoon
FC6DF6D4FB81ED43,classic_bike,2023-01-20,2023-01-20,Driggs Ave & Lorimer St,Nassau Ave & Russell St,40.72179134,-73.9504154,member,0.26,05:05,3.062837247504082,Friday,Afternoon
1D9DC6F054566199,classic_bike,2023-01-09,2023-01-09,10 Ave & W 28 St,W 33 St & 10 Ave,40.75066386,-74.00176802,member,0.21,02:57,4.266437919377867,Monday,Morning
CFFBCC079470B4A3,electric_bike,2023-01-23,2023-01-23,Bushwick Ave & Powers St,Monroe St & Classon Ave,40.712379932,-73.940990567,member,1.92,21:45,5.294511004570652,Monday,Evening
212705E515A7896C,classic_bike,2023-01-11,2023-01-11,Reade St & Broadway,Fulton St & Broadway,40.71450451,-74.00562789,member,0.24,03:30,4.095893203377215,Wednesday,Afternoon
70DF11C46364385A,electric_bike,2023-01-04,2023-01-04,Smith St & 9 St,Van Brunt St & Wolcott St,40.6746957,-73.99785768,member,0.18,06:09,1.7517064269784415,Wednesday,Afternoon
8DD222EA1A1B0BC9,electric_bike,2023-01-08,2023-01-08,West St & Chambers St,West Thames St,40.717618108,-74.01307106,member,0.64,09:34,4.008804057522163,Sunday,Evening
95C068B0B15B955F,classic_bike,2023-01-27,2023-01-27,William St & Pine St,Fulton St & Broadway,40.70717936,-74.00887308,member,0.27,04:01,4.024178189947835,Friday,Night
58976A4F584F8D28,classic_bike,2023-01-27,2023-01-27,West St & Chambers St,West Thames St,40.71754834,-74.01322069,member,0.64,07:05,5.418358923947783,Friday,Evening
51721CDE970B2570,classic_bike,2023-01-06,2023-01-06,William St & Pine St,West Thames St,40.70717936,-74.00887308,member,0.08,06:30,0.7380054889158238,Friday,Afternoon
3C59B473FFB1E7B3,classic_bike,2023-01-01,2023-01-01,Smith St & 9 St,Van Brunt St & Wolcott St,40.6746957,-73.99785768,member,0.18,07:09,1.507783232892012,Sunday,Afternoon
E6D4CFFDC00A89F5,electric_bike,2023-01-03,2023-01-03,Driggs Ave & Lorimer St,Nassau Ave & Russell St,40.721832991,-73.950434804,member,0.26,03:44,4.166796508082071,Tuesday,Evening
EADAD8AC2D89A2DA,classic_bike,2023-01-22,2023-01-22,Smith St & 9 St,Van Brunt St & Wolcott St,40.6746957,-73.99785768,member,0.18,08:44,1.2343633028361782,Sunday,Afternoon
C21ABDBEF64269D2,classic_bike,2023-01-26,2023-01-26,Bushwick Ave & Powers St,Devoe St & Lorimer St,40.71247661,-73.94100005,member,0.06,04:10,0.8625474700604183,Thursday,Evening
FDD4C1E89A26727C,classic_bike,2023-01-13,2023-01-13,West St & Chambers St,West Thames St,40.71754834,-74.01322069,member,0.64,08:43,4.397122785455142,Friday,Evening
B291286A01D420E3,classic_bike,2023-01-01,2023-01-01,Great Jones St,Broadway & Morris St,40.72743423,-73.99379025,casual,1.48,20:12,4.395713189614632,Sunday,Evening
54FF529E00AF6EA1,electric_bike,2023-01-24,2023-01-24,West St & Chambers St,West Thames St,40.71754834,-74.01322069,member,0.64,05:33,6.8992983916609525,Tuesday,Afternoon
66F91AAFFC285E75,electric_bike,2023-01-22,2023-01-22,Greenpoint Ave & 47 St,48 Ave & 41 St,40.7424,-73.91808,member,0.18,02:09,5.010903354521411,Sunday,Afternoon
